vehicle_id,year,make,model,state,asking_price,mileage,experiment_group,acquired,style_id
2764896,2013,Porsche,Panamera,MO,43999,43151,B,no,793570
2052502,2013,Porsche,Panamera,CA,46995,56616,A,yes,797780
2835342,2013,Porsche,Panamera,NY,49950,39818,A,no,791038
2970294,2013,Porsche,Panamera,OH,33892,80423,B,no,797780
2697806,2013,Porsche,Panamera,MD,42731,27034,A,no,794253
2549214,2013,Porsche,Panamera,NY,79995,9685,B,no,796325
2500545,2013,Porsche,Panamera,IL,76000,27780,A,yes,791038
2099756,2013,Porsche,Panamera,CA,52998,54000,B,no,794253
2918902,2013,Porsche,Panamera,MA,59998,28347,B,yes,794253
2494942,2013,Porsche,Panamera,MI,56500,33594,B,yes,797780
2982983,2013,Porsche,Boxster,OK,34900,21055,A,yes,794409
2064588,2013,Porsche,Boxster,LA,39899,20648,A,yes,796882
2505119,2013,Porsche,Boxster,FL,37998,22000,A,yes,793899
2471867,2013,Porsche,Boxster,IL,40500,16913,A,no,790025
2557608,2013,Porsche,Boxster,FL,34999,38150,A,no,794409
2118855,2013,Porsche,Boxster,PA,40000,31515,B,yes,796882
2770182,2013,Porsche,Boxster,NJ,36300,51957,B,yes,793899
2607325,2013,Porsche,Boxster,VA,34600,49977,B,no,799669
2334209,2013,Porsche,Boxster,MA,37998,15192,A,yes,790025
2335726,2013,Porsche,Boxster,CA,39982,29429,A,no,796882
2789518,2013,Porsche,Boxster,CA,37788,25941,B,yes,797093
2909170,2013,Porsche,Boxster,FL,48465,14997,B,no,796882
2362654,2013,Porsche,Boxster,SC,53688,8601,B,no,797093
2962797,2013,Porsche,Boxster,MA,49998,17371,A,yes,794409
2848053,2013,Porsche,Boxster,IL,49000,15732,A,yes,796882
2477157,2013,Porsche,Boxster,GA,44950,42929,A,no,790025
2934792,2013,Porsche,Boxster,CT,47490,14405,B,no,794409
2817903,2013,Porsche,911,CA,69900,12622,B,yes,791462
2627268,2013,Porsche,911,FL,55998,50000,B,yes,791462
2533155,2013,Porsche,911,MA,67800,8977,A,no,796516
2880523,2013,Porsche,911,NV,63998,12000,A,yes,796516
2459608,2013,Porsche,911,TX,56998,43000,B,no,792043
2328833,2013,Porsche,911,PA,67899,16612,A,no,792043
2208005,2013,Porsche,911,PA,66993,25234,A,no,791462
2567355,2013,Porsche,911,WA,71988,31192,A,no,796516
2701166,2013,Porsche,911,MA,77875,19846,A,yes,799878
2061939,2013,Porsche,911,CA,71898,39295,A,yes,791080
2848507,2013,Porsche,911,CA,73994,28200,B,yes,797182
2631959,2013,Porsche,911,CA,74991,31868,B,no,799878
2466680,2013,Porsche,911,FL,66998,46000,B,yes,797182
2124452,2013,Porsche,911,ID,82995,9990,B,no,796516
2873141,2013,Porsche,911,SC,67997,43867,B,yes,797182
2886499,2013,Porsche,911,WA,63795,58015,A,yes,791080
2122792,2013,Porsche,911,PA,74500,34951,B,no,791080
2238964,2013,Porsche,911,PA,84991,8856,A,no,792043
2009158,2013,Porsche,911,FL,76287,9163,B,no,796516
2433988,2013,Porsche,911,FL,81333,18040,A,yes,797182
2128675,2013,Porsche,911,CALIFORNIA,72649,34179,A,yes,791080
2845463,2013,Porsche,911,CA,71900,41297,B,no,791080
2569927,2013,Porsche,911,MO,76991,29181,B,no,791462
2378272,2013,Porsche,911,CA,84990,14119,B,yes,791080
2770516,2013,Porsche,911,CA,60000,70828,A,no,796516
2972152,2013,Porsche,911,IL,62000,32328,A,no,797182
2203508,2013,Porsche,911,CA,67500,25082,B,no,791080
2161795,2013,Porsche,911,FL,69991,23157,B,no,797182
2609241,2013,Porsche,911,FL,69848,17505,B,no,792043
2067011,2013,Porsche,911,CA,62881,46415,A,no,791462
2514856,2013,Porsche,911,SC,69983,29026,A,yes,792043
2561995,2013,Porsche,911,CT,84900,29036,B,yes,792043
2369670,2013,Porsche,911,FL,74900,32082,A,no,796516
2067283,2013,Porsche,911,FL,74900,35335,A,no,791462
2131023,2013,Porsche,911,TN,83988,15770,B,yes,791462
2250878,2013,Porsche,911,IL,72000,42988,B,yes,799878
2367428,2013,Porsche,911,FL,80219,18030,A,yes,792043
2652091,2013,Porsche,911,CA,73000,25540,B,no,792043
2736036,2013,Porsche,911,RI,74590,23072,A,no,796516
2440594,2013,Porsche,911,CA,74780,34539,B,yes,792043
2503430,2013,Porsche,911,FL,87865,5564,B,yes,797182
2001651,2013,Porsche,911,FL,84950,12541,B,yes,791080
2866127,2013,Porsche,911,NC,84885,22879,B,yes,791462
2159842,2013,Porsche,911,CT,83995,21467,A,yes,791462
2949434,2013,Porsche,Cayenne,IL,29000,70089,A,yes,798359
2464040,2013,Porsche,Cayenne,TN,30688,83932,B,yes,791326
2934969,2013,Porsche,Cayenne,CA,31657,65066,A,yes,794606
2267347,2013,Porsche,Cayenne,IL,40000,24816,A,no,793408
2214970,2013,Porsche,Cayenne,CA,34998,54000,A,yes,796442
2512525,2013,Porsche,Cayenne,NJ,29990,83907,A,no,794039
2407191,2013,Porsche,Cayenne,CA,36998,39000,B,no,794606
2470754,2013,Porsche,Cayenne,FL,37891,34732,A,no,796442
2953720,2013,Porsche,Cayenne,MS,29500,81891,A,yes,796442
2949747,2013,Porsche,Cayenne,PA,40999,19483,A,yes,794606
2188858,2013,Porsche,Cayenne,MA,38987,58185,A,yes,794039
2397642,2013,Porsche,Cayenne,FL,42985,18947,B,no,791326
2560632,2013,Porsche,Cayenne,FL,38990,60550,B,no,794039
2761504,2013,Porsche,Cayenne,IL,41800,33528,A,no,793408
2969034,2013,Porsche,Cayenne,CA,39497,37264,B,yes,798359
2481760,2013,Porsche,Cayenne,GA,39888,36888,A,yes,794039
2783584,2013,Porsche,Cayenne,TN,38875,70865,B,no,793408
2876609,2013,Porsche,Cayenne,PA,34995,80725,B,yes,794606
2221957,2013,Porsche,Cayenne,GA,44950,16683,A,yes,798359
2360429,2013,Porsche,Cayenne,CA,35200,68780,A,no,794606
2023685,2013,Porsche,Cayenne,OH,39993,33863,B,no,794606
2378196,2013,Porsche,Cayenne,IN,33211,94976,A,no,794039
2230212,2013,Porsche,Cayenne,TN,28500,91002,B,yes,794606
2698671,2013,Porsche,Cayenne,OH,45995,26816,A,yes,798359
2106196,2013,Porsche,Cayenne,OH,28991,102190,B,yes,793408
2211588,2013,Porsche,Cayenne,OH,42995,46202,B,no,793408
2951048,2013,Porsche,Cayenne,CO,39902,75393,A,yes,798359
2558976,2013,Porsche,Cayenne,NJ,40900,43315,B,no,796442
2184297,2013,Porsche,Cayenne,WA,35996,61186,B,yes,798359
2301504,2013,Porsche,Cayenne,PA,40999,53935,A,yes,794606
2358904,2013,Porsche,Cayenne,OH,37881,51502,B,no,798359
2588654,2013,Porsche,Cayenne,WA,31994,82433,B,no,798359
2053104,2013,Porsche,Cayenne,TN,36900,51760,B,no,796442
2895547,2013,Porsche,Cayenne,MA,39032,58449,A,no,791326
2008449,2013,Porsche,Cayenne,CT,35990,58580,B,no,794606
2423048,2013,Porsche,Cayenne,NJ,40900,34729,B,yes,796442
2107952,2013,Porsche,Cayenne,TX,29306,91394,A,yes,794606
2619052,2013,Porsche,Cayenne,CALIFORNIA,37536,64796,A,yes,794039
2205655,2013,Porsche,Cayenne,SC,42981,42470,A,no,794606
2100897,2013,Porsche,Cayenne,IL,29990,69576,A,yes,793408
2699535,2013,Porsche,Cayenne,NJ,32479,86402,A,no,796442
2117045,2013,Porsche,Cayenne,OH,41995,50859,A,no,793408
2544076,2013,Porsche,Cayenne,GA,35990,62422,B,yes,794039
2438654,2013,Porsche,Cayenne,FL,46465,14015,A,no,794606
2066063,2013,Porsche,Cayenne,FL,41977,27383,A,no,794606
2799207,2013,Porsche,Cayenne,FL,29999,81223,B,yes,798359
2945125,2013,Porsche,Cayenne,FL,29800,75074,A,no,793408
2744572,2013,Porsche,Cayenne,CA,33900,72980,B,yes,793408
2015242,2013,Porsche,Cayenne,IL,35909,68201,A,no,791326
2617023,2013,Porsche,Cayenne,CT,35690,73359,A,no,791326
2067518,2013,Porsche,Cayenne,WA,38988,51339,A,yes,798359
2341821,2013,Porsche,Cayenne,OH,39998,41000,B,yes,793408
2035108,2013,Porsche,Cayenne,IL,48000,12943,A,no,796442
2281426,2013,Porsche,Cayenne,NJ,36995,79089,B,no,793408
2671269,2013,Porsche,Cayenne,MA,44988,8440,B,yes,791326
2119115,2013,Porsche,Cayenne,CO,39984,45629,B,no,794039
2008744,2013,Porsche,Cayenne,WI,39159,60163,B,no,794606
2674151,2013,Porsche,Cayenne,OH,36889,36473,B,no,794039
2737908,2013,Porsche,Cayenne,AL,33950,58908,B,yes,798359
2327526,2013,Porsche,Cayenne,GA,46998,58000,B,yes,798359
2751048,2013,Porsche,Cayenne,PA,47900,48487,A,no,794039
2539909,2013,Porsche,Cayenne,IL,48998,46000,B,yes,794606
2759184,2013,Porsche,Cayenne,CA,40982,64341,B,no,798359
2926781,2013,Porsche,Cayenne,FL,47900,41351,A,no,794606
2420415,2013,Porsche,Cayenne,MO,45990,48227,A,yes,793408
2617159,2013,Porsche,Cayenne,WI,58523,15308,B,no,796442
2259651,2013,Porsche,Cayenne,CA,54305,49368,B,yes,791326
2609682,2013,Porsche,Panamera,OR,36950,58298,B,yes,793570
2890499,2013,Porsche,Panamera,FL,44865,40877,B,yes,791038
2829758,2014,Porsche,Cayenne,SC,28891,7549,B,no,798527
2700098,2014,Porsche,Cayenne,GA,39998,33000,B,no,796262
2202502,2014,Porsche,Cayenne,PA,43999,34563,A,yes,790433
2856209,2014,Porsche,Cayenne,TN,39988,62199,A,yes,798527
2400740,2014,Porsche,Cayenne,NY,46940,22062,A,no,790230
2141205,2014,Porsche,Cayenne,LA,42892,26452,A,no,790230
2148958,2014,Porsche,Cayenne,FL,39995,53755,A,yes,797664
2488339,2014,Porsche,Cayenne,FL,47845,27539,B,yes,790022
2363328,2014,Porsche,Cayenne,NJ,39995,41803,A,no,797664
2378509,2014,Porsche,Cayenne,NJ,34990,69909,B,no,790022
2035958,2014,Porsche,Cayenne,TX,35391,51521,A,no,790230
2072022,2014,Porsche,Cayenne,NY,39990,38657,B,yes,796262
2113435,2014,Porsche,Cayenne,MA,38998,41619,A,yes,798527
2541563,2014,Porsche,Cayenne,NY,43940,34909,A,no,796262
2106223,2014,Porsche,Cayenne,TX,40850,33265,B,yes,796262
2114436,2014,Porsche,Cayenne,CA,47900,34133,A,yes,797664
2291447,2014,Porsche,Cayenne,FL,41995,39776,B,yes,798527
2701894,2014,Porsche,Cayenne,WI,40998,37000,A,no,797664
2898108,2014,Porsche,Cayenne,CA,43501,22331,A,yes,790230
2224214,2014,Porsche,Cayenne,CALIFORNIA,44486,31790,A,no,797664
2609109,2014,Porsche,Cayenne,NJ,43900,33656,A,yes,790433
2898628,2014,Porsche,Cayenne,SC,40000,55664,B,yes,798527
2818127,2014,Porsche,Cayenne,IL,42000,46117,B,yes,796262
2274270,2014,Porsche,Cayenne,PA,42991,36449,B,no,790022
2649578,2014,Porsche,Cayenne,IL,41000,47486,B,yes,798527
2447145,2014,Porsche,Cayenne,TX,43880,39652,A,yes,798527
2809443,2014,Porsche,Cayenne,IL,41000,41170,B,yes,790433
2713118,2014,Porsche,Cayenne,OH,32846,59562,A,no,790022
2417361,2014,Porsche,Cayenne,MA,41900,32148,B,no,790022
2796729,2014,Porsche,Cayenne,CA,36888,53338,B,yes,798527
2621931,2014,Porsche,Cayenne,CT,38899,45036,B,yes,790022
2702054,2014,Porsche,Cayenne,IL,39900,43332,A,yes,790433
2251350,2014,Porsche,Cayenne,FL,39991,59241,B,no,796262
2155382,2014,Porsche,Cayenne,CA,45900,46089,A,no,797664
2692238,2014,Porsche,Cayenne,GA,44950,31041,A,no,798527
2549664,2014,Porsche,Cayenne,MA,39998,32303,B,yes,790433
2826411,2014,Porsche,Cayenne,CA,39491,53435,A,yes,797664
2292504,2014,Porsche,Cayenne,FL,35588,49491,A,yes,790433
2933064,2014,Porsche,Cayenne,FL,37988,35581,A,no,798527
2959282,2014,Porsche,Cayenne,GA,44950,25217,A,no,790433
2272826,2014,Porsche,Cayenne,IL,44990,17516,B,no,798527
2558165,2014,Porsche,Cayenne,NY,45995,15200,B,no,790022
2277990,2014,Porsche,Cayenne,IL,45990,20342,A,no,798527
2007539,2014,Porsche,Cayenne,IL,44990,14235,B,yes,797664
2336777,2014,Porsche,Cayenne,CA,46900,51295,B,yes,790230
2249020,2014,Porsche,Cayenne,CA,43491,31992,B,no,797664
2466851,2014,Porsche,Cayenne,MD,32688,75807,B,yes,790022
2478634,2014,Porsche,Cayenne,OH,43491,62887,B,yes,798527
2130507,2014,Porsche,Cayenne,GA,44950,25741,A,yes,797664
2704220,2014,Porsche,Cayenne,CA,49988,10251,B,no,790022
2510055,2014,Porsche,Cayenne,RI,41990,50859,A,yes,796262
2194301,2014,Porsche,Cayenne,ID,47995,47816,B,yes,796262
2309723,2014,Porsche,Cayenne,RI,39990,62710,B,no,797664
2695352,2014,Porsche,Cayenne,TN,44900,25575,A,no,796262
2742590,2014,Porsche,Cayenne,IL,45000,42112,B,yes,790230
2571554,2014,Porsche,Cayenne,WA,43988,42657,A,no,790022
2648054,2014,Porsche,Cayenne,FL,34988,35126,A,no,790433
2663484,2014,Porsche,Cayenne,NC,46997,28080,B,yes,796262
2694820,2014,Porsche,Cayenne,CA,49981,13390,A,no,796262
2347499,2014,Porsche,Cayenne,TN,44443,43281,A,no,790433
2534244,2014,Porsche,Cayenne,FL,35888,37132,B,no,790433
2930805,2014,Porsche,Cayenne,WA,41988,36848,A,no,798527
2205856,2014,Porsche,Cayenne,NC,47995,49534,B,no,797664
2779810,2014,Porsche,Cayenne,SC,38000,20474,B,yes,790230
2948950,2014,Porsche,Cayenne,TN,41995,56382,A,no,796262
2989169,2014,Porsche,Cayenne,CA,42950,51686,B,yes,790022
2733046,2014,Porsche,Cayenne,CO,44500,44400,A,yes,790230
2131500,2014,Porsche,Cayenne,PA,48995,29853,A,yes,796262
2666469,2014,Porsche,Cayenne,IL,37000,70461,B,yes,790230
2821029,2014,Porsche,Cayenne,FL,47448,21595,B,yes,797664
2317670,2014,Porsche,Cayenne,WA,52495,11678,A,yes,796262
2552513,2014,Porsche,Cayenne,AZ,49900,52446,B,no,797664
2660062,2014,Porsche,Cayenne,GA,56500,27599,B,yes,790433
2778880,2014,Porsche,Cayenne,PA,63599,16000,A,no,790433
2327233,2014,Porsche,Cayenne,MA,58998,35761,B,yes,796262
2192621,2014,Porsche,Cayenne,NY,47888,49571,B,no,790022
2208750,2014,Porsche,Cayenne,NC,64886,27819,B,no,790230
2139490,2014,Porsche,Cayenne,IN,47445,60427,B,yes,797664
2570893,2014,Porsche,Cayenne,CA,57998,33000,A,no,796262
2379874,2014,Porsche,Cayenne,CA,55888,52530,B,yes,797664
2508259,2014,Porsche,Cayenne,WA,59996,34137,B,yes,790433
2152792,2014,Porsche,Cayenne,FL,59998,19000,B,no,797664
2948028,2014,Porsche,Cayenne,CO,56998,36000,B,yes,796262
2936803,2014,Porsche,Cayenne,FL,65366,31465,B,yes,790022
2457002,2014,Porsche,Cayenne,IL,55977,38883,A,yes,798527
2123418,2014,Porsche,Cayenne,CO,58799,45289,B,no,790433
2127873,2014,Porsche,Cayenne,CA,53000,58747,A,yes,797664
2030572,2014,Porsche,Cayenne,CA,50889,52140,A,no,790022
2130029,2014,Porsche,Cayenne,OH,55994,58941,B,no,790433
2233232,2014,Porsche,Cayenne,RI,59999,35002,B,no,796262
2804916,2014,Porsche,Cayenne,OH,58998,24000,B,no,790022
2470267,2014,Porsche,Cayenne,FL,64900,28303,B,yes,798527
2407997,2014,Porsche,Cayenne,GA,49353,54985,A,no,790230
2457887,2014,Porsche,Cayenne,IL,59000,40907,A,no,796262
2689563,2014,Porsche,Cayman,CT,44998,14000,B,no,792132
2323573,2014,Porsche,Cayman,CA,44648,56594,A,yes,796610
2438940,2014,Porsche,Cayman,TN,46088,13248,B,yes,795309
2719172,2014,Porsche,Cayman,TX,39000,21211,B,yes,791293
2960610,2014,Porsche,Cayman,WA,40998,26000,B,yes,791293
2772016,2014,Porsche,Cayman,CA,41998,25000,A,yes,795621
2010930,2014,Porsche,Cayman,CA,41998,19000,A,yes,791293
2165582,2014,Porsche,Cayman,CA,41998,21000,A,yes,791293
2350457,2014,Porsche,Cayman,CA,36998,46000,A,no,795309
2440959,2014,Porsche,Cayman,OK,41000,28488,A,yes,795621
2836049,2014,Porsche,Cayman,LA,37998,39000,A,no,795309
2333240,2014,Porsche,Cayman,CA,44998,15000,B,no,795309
2053391,2014,Porsche,Cayman,SC,48999,30159,A,yes,795814
2016505,2014,Porsche,Cayman,NJ,54900,12105,B,yes,795814
2956366,2014,Porsche,Cayman,PA,49995,26351,A,yes,795621
2622417,2014,Porsche,Cayman,MA,52800,13220,A,no,795814
2380156,2014,Porsche,Cayman,FL,46998,41000,B,yes,795621
2856931,2014,Porsche,Cayman,WA,57990,17992,A,no,795309
2857925,2014,Porsche,Cayman,ID,56585,13853,B,no,796610
2317558,2014,Porsche,Cayman,IL,50000,28002,B,yes,795309
2361620,2014,Porsche,Cayman,FL,52995,23069,A,no,791293
2227036,2014,Porsche,Cayman,FL,49900,36962,A,no,795814
2719149,2014,Porsche,Cayman,SC,55981,11718,A,no,795621
2424708,2014,Porsche,Cayman,FL,55977,9033,B,yes,791293
2544442,2014,Porsche,Cayman,CA,52998,13000,A,no,791293
2963751,2014,Porsche,Cayman,OK,48998,34000,B,no,792132
2930607,2014,Porsche,Cayman,IL,55998,10000,A,yes,795621
2890296,2014,Porsche,Cayman,GA,48990,30654,A,no,795621
2929073,2014,Porsche,Cayman,NC,52998,32000,A,no,791293
2831149,2014,Porsche,Cayman,NC,54429,9537,B,yes,791293
2925108,2014,Porsche,Cayman,FL,47900,43711,A,no,791293
2788543,2014,Porsche,Cayenne,CA,72088,38435,A,yes,790433
2619048,2014,Porsche,Cayenne,PA,74490,19113,B,yes,796262
2684542,2014,Porsche,Cayenne,TN,74000,31605,A,yes,790230
2498052,2014,Porsche,Cayenne,CA,69900,51787,A,no,796262
2712716,2014,Porsche,Panamera,CA,55991,8666,B,no,797521
2335234,2014,Porsche,Panamera,NV,44998,40000,B,yes,797132
2148736,2014,Porsche,Panamera,OH,49884,49984,A,no,799451
2275147,2014,Porsche,Panamera,PA,44950,42498,A,no,797132
2391646,2014,Porsche,Panamera,FL,40977,49424,B,yes,797132
2338521,2014,Porsche,Panamera,PA,55899,18744,B,no,794390
2471822,2014,Porsche,Panamera,OH,51884,26260,B,yes,797132
2651061,2014,Porsche,Panamera,IL,48000,35304,A,no,791448
2799337,2014,Porsche,Panamera,CA,45998,40000,A,no,794390
2660780,2014,Porsche,Panamera,FL,54865,30712,A,yes,791448
2696066,2014,Porsche,Panamera,TX,44998,49000,B,no,799451
2624212,2014,Porsche,Panamera,TX,46990,40790,A,no,797521
2652443,2014,Porsche,Panamera,FL,52899,16450,A,no,795314
2287887,2014,Porsche,Panamera,OR,55998,28000,B,yes,799451
2431206,2014,Porsche,Panamera,FL,46998,35000,A,yes,797521
2421844,2014,Porsche,Panamera,FL,65991,18392,B,no,794390
2809975,2014,Porsche,Panamera,NY,62200,43236,B,no,791448
2700823,2014,Porsche,Panamera,IL,74000,30581,A,yes,799451
2366517,2014,Porsche,Panamera,CA,79888,19361,B,no,797132
2890152,2014,Porsche,Panamera,PA,95500,29020,A,yes,791448
2594080,2014,Porsche,Panamera,WA,82996,17378,B,yes,795314
2713784,2014,Porsche,Boxster,VA,40480,21419,A,yes,794766
2728009,2014,Porsche,Boxster,CA,37998,28000,A,yes,794766
2099883,2014,Porsche,Boxster,GA,42899,17191,B,yes,794766
2104292,2014,Porsche,Boxster,NY,46700,6666,B,yes,794766
2871475,2014,Porsche,Boxster,FL,46489,7872,A,yes,791708
2830952,2014,Porsche,Boxster,CO,39987,18799,B,yes,790390
2170282,2014,Porsche,Boxster,VA,43999,11347,B,no,794766
2762045,2014,Porsche,Boxster,CA,33584,32026,A,yes,794766
2255368,2014,Porsche,Boxster,CA,48895,27788,B,yes,794766
2948906,2014,Porsche,Boxster,FL,42998,43000,A,yes,792814
2942048,2014,Porsche,Boxster,CA,51961,20326,B,no,792814
2413280,2014,Porsche,Boxster,CA,49888,19743,A,yes,798574
2079913,2014,Porsche,Boxster,SC,48000,21777,A,no,790390
2206207,2014,Porsche,Boxster,NJ,45490,40851,B,yes,791708
2801192,2014,Porsche,Boxster,TX,42850,47120,A,no,790390
2037625,2014,Porsche,Boxster,WA,52981,7655,B,no,791708
2742094,2014,Porsche,Boxster,MA,51350,15259,A,yes,790390
2774560,2014,Porsche,Boxster,SC,53000,7549,B,no,794766
2743964,2014,Porsche,Boxster,NJ,47500,25878,B,yes,794766
2142852,2014,Porsche,Boxster,FL,49990,13068,A,no,798574
2941025,2014,Porsche,Boxster,FL,45977,26247,A,yes,791708
2326070,2014,Porsche,Boxster,WA,53980,29436,B,yes,791527
2263810,2014,Porsche,Boxster,CA,49995,31184,B,no,791708
2830339,2014,Porsche,911,CA,68900,30925,B,no,790945
2901277,2014,Porsche,911,NJ,70900,16447,B,yes,797456
2427483,2014,Porsche,911,FL,67071,19893,A,yes,795393
2897936,2014,Porsche,911,CA,79795,27015,B,no,795393
2504162,2014,Porsche,911,CA,76889,42987,B,no,792631
2240932,2014,Porsche,911,IL,84000,2659,A,yes,795393
2436259,2014,Porsche,911,TX,74998,22000,A,yes,795393
2141999,2014,Porsche,911,NJ,80995,28842,B,yes,790945
2985634,2014,Porsche,911,AZ,71998,32000,A,yes,792631
2146737,2014,Porsche,911,TX,81995,16281,B,yes,792631
2424988,2014,Porsche,911,WA,83537,21952,A,no,792201
2863837,2014,Porsche,911,CT,76000,34176,B,yes,795393
2048070,2014,Porsche,911,TX,85880,18636,A,no,792201
2573483,2014,Porsche,911,CA,89900,12541,A,yes,792631
2126323,2014,Porsche,911,CA,83888,13175,A,yes,792631
2107566,2014,Porsche,911,FL,79740,29081,B,no,794185
2760467,2014,Porsche,911,FL,78998,13571,A,yes,797456
2357141,2014,Porsche,911,CA,74991,24294,A,yes,790945
2453662,2014,Porsche,911,MD,74500,17419,B,yes,795393
2314543,2014,Porsche,911,FL,74577,25922,A,yes,792201
2972326,2014,Porsche,911,FL,79791,22606,A,yes,790945
2406016,2014,Porsche,911,CA,78431,34427,A,yes,792201
2586558,2014,Porsche,911,IL,84000,23360,B,yes,797456
2518689,2014,Porsche,911,CA,79981,34916,A,no,795393
2834737,2014,Porsche,911,AZ,71900,40498,A,yes,795393
2808849,2014,Porsche,911,GA,85991,30381,A,no,797456
2605281,2014,Porsche,911,NJ,86995,14353,B,yes,797456
2950403,2014,Porsche,911,CT,86994,7801,B,no,795393
2726445,2014,Porsche,911,FL,76977,25436,B,yes,792631
2767739,2014,Porsche,911,MD,89888,11894,A,yes,794185
2673040,2014,Porsche,911,TX,91880,20422,B,yes,792631
2038457,2014,Porsche,911,FL,81145,39145,A,yes,795393
2254405,2014,Porsche,911,NJ,85900,8308,B,no,795393
2701055,2014,Porsche,911,FL,81995,23939,A,yes,790945
2769537,2014,Porsche,911,OH,124994,14602,A,no,797456
2981851,2014,Porsche,911,FL,124880,20329,A,no,794185
2379898,2014,Porsche,911,CT,139990,8374,B,no,792201
2864727,2014,Porsche,911,CA,136991,13704,B,yes,795393
2979960,2014,Porsche,911,CA,124798,32205,A,yes,797456
2260238,2014,Porsche,911,CALIFORNIA,129116,34367,B,no,792201
2802164,2014,Porsche,911,AZ,135000,6061,A,yes,790945
2708210,2014,Porsche,911,CA,124881,35599,B,no,795393
2503115,2014,Porsche,911,TX,69880,24540,A,yes,792631
2979485,2014,Porsche,911,WA,59990,37103,A,yes,794185
2746483,2014,Porsche,911,VA,71900,8165,A,yes,792201
2653091,2014,Porsche,911,IL,82000,35952,A,no,792631
2163153,2014,Porsche,911,CT,92490,12689,A,yes,792631
2231449,2014,Porsche,911,NY,89995,10441,A,no,792631
2978385,2014,Porsche,911,NY,89999,15215,A,yes,790945
2106231,2014,Porsche,911,SC,87700,8474,A,yes,797456
2106966,2014,Porsche,911,NJ,77490,43331,B,yes,790945
2816172,2014,Porsche,911,MA,87888,15654,B,no,797456
2344707,2014,Porsche,911,VA,79900,12626,A,yes,790945
2255846,2014,Porsche,911,FL,88995,28735,B,no,795393
2949727,2014,Porsche,911,GA,87950,30708,B,yes,790945
2686888,2014,Porsche,911,MN,96977,13865,A,no,795393
2956896,2014,Porsche,911,CA,87898,29401,B,no,792201
2817149,2014,Porsche,911,PA,84950,30345,A,yes,790945
2411485,2014,Porsche,Cayenne,SC,39998,39000,B,no,796262
2743450,2014,Porsche,Cayenne,VA,35998,52000,B,yes,798527
2744289,2014,Porsche,Cayenne,MI,43998,38693,B,yes,797664
2611670,2014,Porsche,Cayenne,IL,45000,17034,A,no,797664
2025244,2014,Porsche,Cayenne,FL,41998,22000,A,no,790433
2533783,2014,Porsche,Cayenne,CT,45979,21938,B,no,790022
2954195,2014,Porsche,Cayenne,MA,45281,60476,A,yes,796262
2159280,2014,Porsche,Cayenne,TN,40000,46826,A,yes,797664
2304546,2014,Porsche,Cayenne,NY,38998,22000,A,no,796262
2198283,2014,Porsche,Cayenne,IL,39990,46550,B,yes,798527
2212446,2014,Porsche,Cayenne,MO,43968,36591,A,yes,790230
2407767,2014,Porsche,Cayenne,NY,40143,41000,A,no,790433
2023252,2014,Porsche,Cayenne,CT,38490,68078,B,yes,790230
2035314,2014,Porsche,Cayenne,NV,37998,52000,A,yes,797664
2956649,2014,Porsche,Cayenne,AL,40998,38000,A,yes,790022
2439388,2014,Porsche,Cayenne,IL,45700,21627,A,yes,790433
2205503,2014,Porsche,Cayenne,TN,42900,42868,B,no,798527
2390652,2014,Porsche,Cayenne,CA,38888,38802,B,yes,796262
2091430,2014,Porsche,Cayenne,IN,38998,48000,B,no,790433
2674474,2014,Porsche,Cayenne,NV,39998,43000,B,yes,796262
2093299,2014,Porsche,Cayenne,CO,38998,34000,B,yes,790433
2356109,2014,Porsche,Cayenne,FL,44998,17000,A,no,790433
2533995,2014,Porsche,Cayenne,IL,43500,32285,A,no,790433
2476597,2014,Porsche,Cayenne,MI,42998,38923,A,no,798527
2981029,2014,Porsche,Cayenne,OH,45995,39358,A,yes,796262
2597151,2014,Porsche,Cayenne,OH,47995,28851,B,yes,790230
2009227,2014,Porsche,Cayenne,OH,34995,86562,A,yes,790022
2950163,2015,Porsche,Macan,SC,43500,8936,B,yes,795973
2967438,2015,Porsche,Macan,FL,43998,40000,B,no,794440
2101265,2015,Porsche,Macan,MA,44499,41760,A,no,794440
2623977,2015,Porsche,Macan,CA,46995,48446,B,yes,794440
2021845,2015,Porsche,Macan,FL,45977,38163,B,yes,796681
2530231,2015,Porsche,Macan,TX,43998,43000,A,yes,798781
2657362,2015,Porsche,Macan,CA,46688,36750,A,yes,796681
2327032,2015,Porsche,Macan,OK,42999,38545,A,yes,795973
2895298,2015,Porsche,Macan,NV,46789,25075,B,yes,796681
2059623,2015,Porsche,Macan,FL,41987,43525,A,yes,796681
2642282,2015,Porsche,Macan,OH,44295,38316,A,yes,798781
2646142,2015,Porsche,Macan,CA,46888,22911,B,no,796681
2261566,2015,Porsche,Macan,TN,46998,22000,A,yes,794515
2845117,2015,Porsche,Macan,CALIFORNIA,46994,37224,A,no,796681
2266826,2015,Porsche,Macan,FL,46998,20000,A,yes,793063
2522045,2015,Porsche,Macan,AL,43998,29000,B,yes,795973
2877868,2015,Porsche,Macan,GA,41998,38000,A,yes,796681
2550881,2015,Porsche,Macan,VA,40998,49000,A,yes,794515
2235107,2015,Porsche,Macan,MI,43998,45304,A,yes,793063
2575589,2015,Porsche,Macan,NC,46855,44906,A,yes,796681
2564652,2015,Porsche,Macan,TN,39900,74925,A,no,794515
2598540,2015,Porsche,Macan,CA,45492,24367,B,no,793063
2707474,2015,Porsche,Macan,OH,41998,38000,B,no,798781
2107217,2015,Porsche,Macan,FL,42998,30000,A,yes,796681
2042414,2015,Porsche,Macan,GA,46949,34079,A,yes,795973
2229868,2015,Porsche,Macan,CA,46998,15000,A,yes,794515
2271307,2015,Porsche,Macan,AZ,42998,31000,B,yes,798781
2145018,2015,Porsche,Macan,CA,44988,56446,B,yes,798781
2610549,2015,Porsche,Macan,IL,45403,22993,B,yes,794440
2810946,2015,Porsche,Macan,FL,46990,30348,B,no,794515
2618962,2015,Porsche,Macan,PA,45900,44596,B,no,795973
2489982,2015,Porsche,Macan,OK,43998,46000,B,no,794515
2422971,2015,Porsche,Macan,IL,44000,46228,B,yes,794440
2725568,2015,Porsche,Macan,CA,41995,49108,B,no,793063
2795260,2015,Porsche,Macan,OH,44900,27653,A,no,793063
2755794,2015,Porsche,Macan,IL,38972,56746,A,no,796681
2219661,2015,Porsche,Macan,IL,45981,19765,B,no,794440
2745650,2015,Porsche,Macan,TX,44879,30894,A,yes,798781
2049546,2015,Porsche,Macan,MA,45900,40075,B,no,794515
2472245,2015,Porsche,Macan,CA,41998,49000,A,no,796681
2356266,2015,Porsche,Macan,NV,44998,38000,A,no,793063
2221394,2015,Porsche,Macan,CA,39998,58000,A,yes,794440
2036549,2015,Porsche,Macan,IL,45000,29084,B,yes,796681
2313621,2015,Porsche,Macan,CA,46881,38593,B,no,794440
2526300,2015,Porsche,Macan,MI,42998,26000,A,yes,793063
2579977,2015,Porsche,Macan,TX,46998,35000,B,yes,794440
2366519,2015,Porsche,Macan,MA,41800,51665,A,yes,793063
2076996,2015,Porsche,Macan,SC,39899,33053,A,yes,796681
2524417,2015,Porsche,Macan,FL,43995,46914,A,no,794440
2666407,2015,Porsche,Macan,WA,45995,32730,A,yes,796681
2988061,2015,Porsche,Macan,NY,42991,30519,B,no,793063
2444165,2015,Porsche,Macan,NJ,42900,51783,A,no,798781
2301219,2015,Porsche,Macan,IL,46990,38152,B,yes,794440
2121180,2015,Porsche,Macan,IL,43500,45024,A,yes,793063
2590362,2015,Porsche,Macan,VA,42998,47000,A,yes,798781
2107996,2015,Porsche,Macan,CA,52984,30213,B,no,793063
2686352,2015,Porsche,Macan,GA,62950,28069,B,yes,794440
2970327,2015,Porsche,Macan,FL,54985,43381,A,no,794515
2288047,2015,Porsche,Macan,NY,60990,21000,B,yes,798781
2685445,2015,Porsche,Macan,AL,59894,28778,B,yes,796681
2260056,2015,Porsche,Macan,FL,59900,23105,B,yes,796681
2442851,2015,Porsche,Macan,FL,59980,17504,A,yes,794440
2117991,2015,Porsche,Macan,GA,57777,22749,B,no,795973
2085374,2015,Porsche,Macan,CA,59898,36488,A,yes,795973
2655215,2015,Porsche,Macan,OH,59894,28633,B,yes,794515
2919562,2015,Porsche,Macan,IL,58000,58396,B,yes,798781
2704297,2015,Porsche,Macan,CT,61590,20670,B,no,796681
2428643,2015,Porsche,Macan,TX,60000,29930,B,no,794515
2148485,2015,Porsche,Macan,IL,55000,39421,A,yes,794515
2793329,2015,Porsche,Macan,CT,56900,38269,A,no,798781
2451142,2015,Porsche,Macan,FL,55998,42000,B,yes,794515
2266572,2015,Porsche,Macan,OH,58995,36642,B,no,798781
2880224,2015,Porsche,Macan,MA,68750,21345,A,no,796681
2103439,2015,Porsche,Macan,SC,55456,20474,A,no,793063
2994046,2015,Porsche,Macan,MI,60500,26866,B,no,793063
2826916,2015,Porsche,Macan,GA,56999,29706,A,no,795973
2130171,2015,Porsche,Macan,CA,53996,55002,A,no,794515
2385813,2015,Porsche,Macan,GA,62950,23323,A,yes,796681
2381293,2015,Porsche,Macan,MO,59963,12003,A,yes,794515
2622336,2015,Porsche,Macan,AL,59981,28767,A,no,794515
2779633,2015,Porsche,Macan,GA,54496,55098,A,yes,794515
2581871,2015,Porsche,Macan,GA,59998,17000,A,no,793063
2373703,2014,Porsche,911,FL,124808,21893,A,no,797456
2215232,2014,Porsche,911,CT,105000,37890,A,yes,792631
2068089,2014,Porsche,911,CA,99900,18992,A,yes,790945
2917597,2015,Porsche,Boxster,FL,57494,4110,B,no,795966
2864880,2015,Porsche,Boxster,GA,56899,18519,A,no,795966
2321722,2015,Porsche,Boxster,IL,50000,34576,A,no,798688
2912095,2015,Porsche,Boxster,OH,58995,7655,B,yes,792221
2932248,2015,Porsche,Boxster,CA,56991,19985,A,yes,797364
2409609,2015,Porsche,Boxster,IA,58992,2832,B,no,798688
2064667,2015,Porsche,Boxster,NJ,52986,15450,A,yes,792221
2118305,2015,Porsche,Boxster,WA,59996,2571,B,no,795966
2831655,2015,Porsche,Boxster,FL,63299,16549,A,yes,795966
2307475,2015,Porsche,Boxster,CA,49491,36004,A,yes,795966
2506125,2015,Porsche,Boxster,CA,52995,17805,B,yes,790045
2392933,2015,Porsche,Boxster,AZ,49900,26071,B,no,795966
2825862,2015,Porsche,Boxster,MA,53800,14779,A,yes,798688
2359769,2015,Porsche,Boxster,MA,53400,24692,B,yes,792492
2961065,2015,Porsche,Boxster,NY,58995,22521,B,no,795966
2997979,2015,Porsche,Boxster,IL,54000,17038,B,no,797364
2596628,2015,Porsche,Boxster,CA,56495,12890,B,yes,792492
2388502,2015,Porsche,Boxster,CT,45500,27919,B,yes,798688
2793453,2015,Porsche,Boxster,OK,44000,21101,A,no,798688
2146158,2015,Porsche,Boxster,WA,46990,20512,B,yes,798688
2023892,2015,Porsche,Boxster,WA,44990,19203,B,no,797364
2901998,2015,Porsche,Boxster,FL,44995,25129,A,yes,792221
2538432,2015,Porsche,Boxster,CA,45881,10435,A,yes,790045
2844832,2015,Porsche,Boxster,OH,45882,5693,A,no,795966
2431979,2015,Porsche,Boxster,VA,41998,18000,A,no,790045
2797385,2015,Porsche,Boxster,SC,46000,10123,B,yes,798688
2306897,2015,Porsche,Boxster,MA,43489,18962,B,yes,790045
2335074,2015,Porsche,Boxster,CA,40898,28070,A,no,797364
2018962,2015,Porsche,Boxster,OH,45991,10612,B,yes,792492
2591451,2015,Porsche,Boxster,CT,45500,13636,A,yes,792221
2996741,2015,Porsche,Boxster,NJ,41900,16564,A,no,792221
2391021,2015,Porsche,Boxster,OH,46995,15471,B,yes,792221
2590276,2015,Porsche,Boxster,GA,49899,7677,A,yes,792221
2531817,2015,Porsche,Boxster,CA,42998,8000,B,yes,790045
2416784,2015,Porsche,Boxster,CT,42999,29205,B,no,792221
2633091,2015,Porsche,Boxster,NC,43999,19852,B,no,798688
2649623,2015,Porsche,Boxster,FL,43823,39648,B,yes,798688
2005263,2015,Porsche,Boxster,PA,49899,7598,B,yes,797364
2101752,2015,Porsche,Boxster,OH,45991,21235,B,yes,798688
2209528,2015,Porsche,Boxster,MA,43489,16433,A,no,792221
2646980,2015,Porsche,Boxster,OH,44982,29578,B,yes,792221
2457816,2015,Porsche,Boxster,GA,46950,15053,B,yes,790045
2743928,2015,Porsche,Boxster,CA,42830,22110,A,no,792221
2285214,2015,Porsche,Boxster,CALIFORNIA,44574,9430,A,no,792492
2909806,2015,Porsche,Boxster,CA,41882,30681,B,yes,797364
2389555,2015,Porsche,Boxster,IN,49999,11696,B,no,795966
2809950,2015,Porsche,Boxster,CT,47400,9926,A,no,795966
2763706,2015,Porsche,Boxster,LA,44897,17325,B,yes,797364
2732320,2015,Porsche,Boxster,TN,64950,26814,A,no,792492
2811425,2015,Porsche,911,CA,97898,17426,B,yes,796878
2160919,2015,Porsche,911,CA,96998,18527,B,yes,796227
2099682,2015,Porsche,911,NY,99995,14569,B,no,796878
2042639,2015,Porsche,911,CALIFORNIA,109078,14364,B,no,793155
2177994,2015,Porsche,911,NC,113588,15269,B,no,796227
2143660,2015,Porsche,911,PA,109991,19960,B,no,791122
2365209,2015,Porsche,911,FL,109980,16385,A,yes,796878
2789929,2015,Porsche,911,MD,116777,12447,B,yes,793155
2715641,2015,Porsche,911,MO,107864,19249,A,yes,791122
2470567,2015,Porsche,911,CA,108991,26710,A,yes,791122
2679413,2015,Porsche,911,NC,104780,25834,B,no,793155
2018829,2015,Porsche,911,FL,113900,9269,A,no,796523
2070069,2015,Porsche,911,CA,111898,18609,A,no,796227
2796917,2015,Porsche,911,NJ,100995,26780,B,yes,796878
2225099,2015,Porsche,911,CT,104400,20513,A,yes,796227
2210976,2015,Porsche,911,NY,112900,27505,A,no,796878
2347672,2015,Porsche,911,PA,116888,5687,B,no,791122
2051434,2015,Porsche,911,CA,109900,41428,A,yes,793155
2703415,2015,Porsche,911,CA,133918,6752,A,yes,796227
2124567,2015,Porsche,911,IL,147990,5372,A,yes,793155
2422585,2015,Porsche,911,CO,145911,11845,A,no,793155
2450258,2015,Porsche,911,AZ,126950,36249,A,no,796878
2831650,2015,Porsche,911,OH,131995,11469,B,no,791122
2883533,2015,Porsche,911,CALIFORNIA,132795,34923,A,yes,796523
2086326,2015,Porsche,911,NJ,144900,20245,A,yes,795490
2936339,2015,Porsche,911,NJ,147900,9065,B,yes,795490
2102927,2015,Porsche,911,CA,145887,13172,B,no,791122
2772840,2015,Porsche,911,CALIFORNIA,139949,35224,A,no,796878
2389911,2015,Porsche,911,CA,134898,41360,A,yes,791122
2846652,2015,Porsche,911,CA,154881,2725,A,no,796523
2064681,2015,Porsche,911,WI,135383,7487,A,yes,796878
2222610,2015,Porsche,911,PA,148899,10690,A,yes,791122
2864584,2015,Porsche,911,CA,153997,3543,B,yes,796227
2028803,2015,Porsche,911,NJ,134900,12111,A,no,796523
2437898,2015,Porsche,911,NJ,153900,14099,B,yes,796227
2663533,2015,Porsche,911,MD,143777,13766,A,no,796878
2884533,2015,Porsche,911,CA,139900,3555,B,yes,796227
2479223,2015,Porsche,911,CA,141995,8986,A,yes,791122
2295761,2015,Porsche,911,TX,157750,2914,B,yes,796227
2294667,2015,Porsche,911,RI,144990,14679,A,yes,796227
2278221,2015,Porsche,911,FL,146998,6807,B,yes,796523
2200487,2015,Porsche,911,CA,112196,42688,A,no,793155
2879304,2015,Porsche,911,MO,124950,29634,A,yes,793155
2211781,2015,Porsche,911,CA,121898,24577,A,yes,796523
2594168,2015,Porsche,911,AZ,119900,17019,A,no,796227
2834400,2015,Porsche,911,FL,126983,23563,A,yes,796523
2411716,2015,Porsche,Cayman,CT,49000,13513,B,yes,798301
2367869,2015,Porsche,Cayman,FL,49776,8457,B,no,798301
2606541,2015,Porsche,Cayman,GA,47899,17568,B,yes,798924
2835350,2015,Porsche,Cayman,OH,47982,15146,B,yes,796893
2757882,2015,Porsche,Cayman,FL,46990,11301,A,yes,798924
2881650,2015,Porsche,Cayman,WA,49990,12228,A,no,792067
2202975,2015,Porsche,Cayman,FL,44990,16566,B,yes,793027
2136892,2015,Porsche,Cayman,CA,49889,14160,A,yes,792067
2255389,2015,Porsche,Cayman,CA,44000,10939,A,no,798924
2076806,2015,Porsche,Cayman,FL,43994,45079,A,no,798301
2249511,2015,Porsche,Cayman,CA,45998,13000,B,no,798924
2975486,2015,Porsche,Cayman,IL,47000,17786,A,no,798924
2728338,2015,Porsche,Cayman,IL,44998,16000,B,yes,796893
2952945,2015,Porsche,Cayman,MD,54500,22127,A,yes,798301
2569488,2015,Porsche,Cayman,FL,58799,20459,B,yes,792067
2965853,2015,Porsche,Cayman,FL,63823,5706,A,yes,793027
2006727,2015,Porsche,Cayman,FL,55259,41307,A,no,796893
2774750,2015,Porsche,Cayman,PA,59899,39080,A,yes,792067
2128462,2015,Porsche,Cayman,OH,57594,21728,B,no,796893
2745957,2015,Porsche,Cayman,FL,58899,3126,B,no,792067
2807815,2015,Porsche,Cayman,CALIFORNIA,61959,7995,A,no,793027
2772254,2015,Porsche,Cayman,SC,56968,26680,B,no,792067
2973711,2015,Porsche,Cayman,FL,54995,20525,B,yes,794576
2658512,2015,Porsche,Cayman,CA,73998,12795,A,yes,792067
2205633,2015,Porsche,Cayman,GA,73950,10884,B,no,798924
2932388,2015,Porsche,Cayman,IL,62000,36079,A,yes,793027
2986612,2015,Porsche,Cayman,PA,75991,11175,A,yes,796893
2891576,2015,Porsche,Cayman,OH,74900,4491,A,yes,798301
2838664,2015,Porsche,Panamera,GA,55990,33317,A,yes,796518
2365240,2015,Porsche,Panamera,NY,59995,11812,B,no,790785
2076557,2015,Porsche,Panamera,PA,52994,32037,B,no,799279
2245876,2015,Porsche,Panamera,MO,50963,28332,A,no,799279
2444372,2015,Porsche,Panamera,MA,52800,41175,A,no,799279
2861944,2015,Porsche,Panamera,MA,57800,14119,B,yes,792279
2248301,2015,Porsche,Panamera,TN,59900,31042,B,no,796818
2697672,2015,Porsche,Panamera,MA,54800,20554,A,yes,796818
2035964,2015,Porsche,Panamera,OH,57991,25061,A,yes,799279
2294540,2015,Porsche,Panamera,GA,55899,29611,B,yes,790785
2699652,2015,Porsche,Panamera,OH,52888,31267,A,yes,796818
2312597,2015,Porsche,Panamera,GA,58499,17069,B,yes,796518
2949317,2015,Porsche,Panamera,CA,54898,28329,B,no,792279
2183618,2015,Porsche,Panamera,MA,51800,42575,B,yes,796818
2049491,2015,Porsche,Panamera,FL,54995,26397,B,no,796518
2821324,2015,Porsche,Panamera,GA,56899,23204,B,yes,792279
2656853,2015,Porsche,Panamera,MA,62387,30195,B,no,790785
2453215,2015,Porsche,Panamera,IL,50000,41412,B,no,796518
2199417,2015,Porsche,Panamera,NJ,51900,32289,A,yes,799266
2655774,2015,Porsche,Panamera,GA,54948,22323,A,no,796518
2551311,2015,Porsche,Panamera,NJ,53900,31989,A,no,796818
2479757,2015,Porsche,Panamera,GA,54950,31193,B,yes,790785
2708383,2015,Porsche,Panamera,GA,54948,31506,A,yes,799266
2272203,2015,Porsche,Panamera,OH,55994,31293,A,no,799279
2943803,2015,Porsche,Panamera,IL,50000,40906,B,yes,799266
2347356,2015,Porsche,Panamera,CA,51888,27156,A,yes,799266
2766077,2015,Porsche,Panamera,CA,56288,35024,B,no,799279
2823574,2015,Porsche,Panamera,WA,53990,20228,B,yes,799279
2326909,2015,Porsche,Panamera,FL,63991,15020,A,yes,799266
2263816,2015,Porsche,Panamera,MA,68900,35828,A,no,790785
2889508,2015,Porsche,Panamera,IL,60000,32213,B,no,796518
2488535,2015,Porsche,Panamera,MN,68999,17975,B,yes,796518
2563742,2015,Porsche,Panamera,CT,64231,39422,B,no,796518
2131541,2015,Porsche,Panamera,MI,69000,27396,A,yes,796518
2147798,2015,Porsche,Panamera,CA,66991,16218,A,no,796518
2127337,2015,Porsche,Panamera,GA,69950,9784,A,no,792279
2293547,2015,Porsche,Panamera,CA,59888,32075,A,yes,796518
2380959,2015,Porsche,Panamera,FL,60984,11994,A,yes,796818
2349022,2015,Porsche,Panamera,CA,74895,26239,A,yes,796818
2640473,2015,Porsche,Panamera,GA,79950,20622,B,no,799279
2065925,2015,Porsche,Panamera,NY,74995,31038,A,no,792279
2971524,2015,Porsche,Panamera,OH,77992,29665,B,no,796818
2281617,2015,Porsche,Panamera,GA,72990,28852,B,yes,790785
2837532,2015,Porsche,Panamera,CT,69995,30074,A,no,796518
2962779,2015,Porsche,Panamera,CA,63995,54872,B,yes,796518
2479894,2015,Porsche,Panamera,NJ,64400,40346,A,no,799266
2559766,2015,Porsche,Panamera,FL,51886,27819,B,yes,796818
2509251,2015,Porsche,911,CA,73898,23033,A,yes,793155
2349153,2015,Porsche,911,CALIFORNIA,74074,14230,A,no,795490
2461061,2015,Porsche,911,FL,80900,9611,B,yes,791122
2985928,2015,Porsche,911,OH,72991,47113,B,no,795490
2539493,2015,Porsche,911,MA,75800,12942,B,yes,796227
2591258,2015,Porsche,911,MA,74800,15568,A,no,796227
2510173,2015,Porsche,911,CA,80837,8580,A,no,796878
2854725,2015,Porsche,911,SC,78400,10123,B,no,795490
2772311,2015,Porsche,911,NY,76845,16196,B,yes,791122
2514514,2015,Porsche,911,FL,84791,2369,A,yes,796878
2879439,2015,Porsche,911,NY,81900,9478,B,yes,796878
2948788,2015,Porsche,911,NY,79945,10050,B,yes,793155
2634927,2015,Porsche,911,NY,80995,2427,B,yes,796523
2215750,2015,Porsche,911,PA,69950,18478,A,yes,796523
2563973,2015,Porsche,911,OH,78494,6066,B,yes,793155
2788085,2015,Porsche,911,MA,74900,21174,A,no,791122
2620880,2015,Porsche,911,IL,75000,21994,B,no,793155
2793209,2015,Porsche,911,CA,75995,14324,B,yes,795490
2764631,2015,Porsche,911,CA,91787,19549,B,no,796227
2279585,2015,Porsche,911,FL,94645,14850,B,no,796227
2261445,2015,Porsche,911,FL,99730,17943,B,yes,793155
2690262,2015,Porsche,911,IL,89000,25450,B,yes,791122
2755829,2015,Porsche,911,CA,88900,32555,B,no,795490
2209176,2015,Porsche,911,VA,94595,10067,B,no,796227
2313714,2015,Porsche,911,FL,104896,10958,B,no,796878
2933789,2015,Porsche,911,FL,92823,23388,A,no,793155
2333662,2015,Porsche,911,OH,93884,10881,A,no,796523
2275103,2015,Porsche,911,NJ,107500,19938,A,no,796878
2290992,2015,Porsche,911,IL,90000,11331,B,yes,796227
2328764,2015,Porsche,911,OH,91884,16700,A,no,796523
2573858,2015,Porsche,911,FL,94865,7699,A,yes,791122
2676876,2015,Porsche,911,GA,88994,24641,A,yes,795490
2131742,2015,Porsche,911,CA,88983,23329,B,yes,796878
2145275,2015,Porsche,911,TN,97680,13760,B,yes,795490
2680639,2015,Porsche,911,GA,87897,31001,A,no,796227
2389113,2015,Porsche,911,RI,84990,6399,A,yes,793155
2410748,2015,Porsche,911,NJ,96500,49260,B,yes,791122
2670192,2015,Porsche,911,NJ,82500,19414,A,no,791122
2866130,2015,Porsche,911,MD,85500,36379,A,yes,796523
2113535,2015,Porsche,911,CA,89880,11587,A,yes,791122
2007892,2015,Porsche,911,CALIFORNIA,88349,25269,A,yes,796523
2494674,2015,Porsche,911,NM,83998,10000,A,yes,795490
2837297,2015,Porsche,911,TN,95888,16510,A,no,796523
2615427,2015,Porsche,911,NY,96745,5959,B,no,795490
2353462,2015,Porsche,911,SC,92400,33873,B,no,793155
2304575,2015,Porsche,911,FL,88339,21636,A,yes,796227
2098183,2015,Porsche,911,CA,88988,17605,B,yes,791122
2484402,2015,Porsche,911,VT,86500,9600,A,no,793155
2388073,2015,Porsche,911,VA,92900,10355,B,yes,793155
2452442,2015,Porsche,911,AZ,82900,40515,B,yes,796523
2256824,2015,Porsche,911,CA,87898,19083,B,no,796227
2672230,2015,Porsche,911,FL,83859,13505,A,yes,796227
2872146,2015,Porsche,911,NJ,87900,33367,A,yes,793155
2100893,2015,Porsche,911,IL,82000,27218,B,yes,796878
2565622,2015,Porsche,911,CALIFORNIA,90000,14754,B,yes,793155
2682463,2015,Porsche,911,FL,81294,39464,A,no,796227
2705823,2015,Porsche,911,MA,78800,14947,B,no,795490
2720572,2015,Porsche,911,NJ,80999,8939,A,yes,796523
2935814,2015,Porsche,911,CA,80991,22303,A,yes,795490
2645984,2015,Porsche,911,NY,87900,8386,A,yes,796878
2285034,2015,Porsche,911,CA,76898,32320,A,no,791122
2766716,2015,Porsche,911,FL,84900,14499,A,yes,793155
2879332,2015,Porsche,911,NJ,82900,3322,B,yes,796878
2974504,2015,Porsche,911,CA,79988,24387,B,yes,795490
2443208,2015,Porsche,911,MA,81800,6905,B,yes,795490
2300048,2015,Porsche,911,FL,89299,7211,B,yes,796878
2464007,2015,Porsche,911,IL,79990,27140,A,yes,791122
2663538,2015,Porsche,911,FL,83900,11138,B,yes,795490
2187852,2015,Porsche,911,FL,94995,4956,A,yes,793155
2764645,2015,Porsche,911,OH,85781,4302,A,no,796523
2922281,2015,Porsche,911,NJ,79500,18189,B,yes,796227
2705475,2015,Porsche,911,CA,81982,26688,A,no,796227
2368530,2015,Porsche,911,NY,84900,16203,B,yes,793155
2786511,2015,Porsche,911,PA,78995,20552,B,yes,796523
2420251,2015,Porsche,911,NC,80995,20162,B,yes,791122
2355112,2015,Porsche,911,FL,74750,4679,B,no,796227
2124433,2015,Porsche,911,CALIFORNIA,83192,14245,B,yes,795490
2225378,2015,Porsche,911,CT,94900,20383,A,yes,793155
2750119,2015,Porsche,911,CALIFORNIA,97994,10025,B,yes,791122
2245564,2015,Porsche,911,GA,96499,12195,B,yes,793155
2197035,2015,Porsche,911,FL,99900,2857,B,no,796878
2680517,2015,Porsche,911,CA,92898,18951,B,no,796523
2030325,2015,Porsche,911,NC,84997,28171,A,yes,796878
2845250,2015,Porsche,911,IL,95000,18215,B,yes,795490
2052184,2015,Porsche,911,FL,95847,6551,A,no,791122
2313896,2015,Porsche,911,CA,92997,21699,B,no,791122
2182817,2015,Porsche,911,NY,104945,5956,A,yes,793155
2305331,2015,Porsche,911,FL,92558,7509,B,yes,796227
2374137,2015,Porsche,911,NY,95995,15925,A,no,796878
2066852,2015,Porsche,911,NY,98995,13722,A,no,795490
2987889,2015,Porsche,911,FL,102900,15116,B,no,796523
2418840,2015,Porsche,911,FL,99950,21401,A,yes,796227
2196450,2015,Porsche,911,NJ,97900,16115,A,no,793155
2637006,2015,Porsche,911,AL,99991,31639,A,no,795490
2720043,2015,Porsche,911,NY,106900,10838,A,no,796523
2858892,2015,Porsche,911,MA,104747,25141,A,no,791122
2143717,2015,Porsche,Cayenne,MO,48750,43530,A,yes,794873
2944117,2015,Porsche,Cayenne,FL,49900,60922,B,no,794873
2004096,2015,Porsche,Cayenne,CA,44888,46231,B,yes,799352
2179366,2015,Porsche,Cayenne,CA,51900,11257,A,yes,799352
2713528,2015,Porsche,Cayenne,FL,50900,10500,A,no,793448
2173094,2015,Porsche,Cayenne,PA,57999,26437,A,no,798746
2952499,2015,Porsche,Cayenne,NY,54900,15977,A,yes,794873
2877790,2015,Porsche,Cayenne,FL,57995,12040,A,no,799352
2023997,2015,Porsche,Cayenne,GA,49947,14218,B,no,796314
2289586,2015,Porsche,Cayenne,ID,56995,12112,B,no,798746
2054649,2015,Porsche,Cayenne,WA,49988,25425,B,yes,796314
2281793,2015,Porsche,Cayenne,NJ,48900,47927,B,yes,798746
2159256,2015,Porsche,Cayenne,FL,43579,35726,B,no,799352
2031993,2015,Porsche,Cayenne,PA,52995,6317,B,no,794873
2240132,2015,Porsche,Cayenne,MO,49950,8886,B,yes,796314
2798859,2015,Porsche,Cayenne,FL,54990,13367,B,yes,793448
2690741,2015,Porsche,Cayenne,IL,50990,15434,A,yes,798746
2101869,2015,Porsche,Cayenne,PA,52994,10539,B,yes,799939
2795151,2015,Porsche,Cayenne,PA,52995,19255,A,no,794873
2414183,2015,Porsche,Cayenne,MO,55874,6897,A,yes,799939
2338087,2015,Porsche,Cayenne,PA,59995,14698,A,no,799352
2261805,2015,Porsche,Cayenne,CA,48898,9538,A,no,798746
2568029,2015,Porsche,Cayenne,CA,59995,8744,A,no,793448
2972558,2015,Porsche,Cayenne,TN,61400,25928,B,yes,798746
2471240,2015,Porsche,Cayenne,FL,50900,10500,B,yes,793448
2065956,2015,Porsche,Cayenne,TX,49991,27260,A,yes,798746
2564106,2015,Porsche,Cayenne,CA,46888,31610,B,yes,794873
2410978,2015,Porsche,Cayenne,CA,44888,42740,B,no,794873
2899044,2015,Porsche,Cayenne,FL,59990,7878,A,yes,799352
2846067,2015,Porsche,Cayenne,IL,55990,16243,A,no,799939
2475419,2015,Porsche,Cayenne,FL,50900,10500,A,no,794873
2798268,2015,Porsche,Cayenne,OH,51994,28094,B,no,799352
2734601,2015,Porsche,Cayenne,NY,49990,39787,B,yes,799352
2201114,2015,Porsche,Cayenne,CT,55000,21247,B,no,799352
2615734,2015,Porsche,Cayenne,GA,51899,18252,A,yes,796314
2257459,2015,Porsche,Cayenne,FL,44424,58109,A,no,799939
2809737,2015,Porsche,Cayenne,FL,41988,34765,B,no,799939
2359806,2015,Porsche,Cayenne,OH,47900,25186,A,no,796314
2029111,2015,Porsche,Cayenne,NY,44990,60813,A,yes,796314
2403220,2015,Porsche,Cayenne,CA,45940,41620,B,yes,793448
2241293,2015,Porsche,Cayenne,GA,49949,21223,B,no,798746
2399047,2015,Porsche,Cayenne,GA,47899,18884,B,no,796314
2974682,2015,Porsche,Cayenne,PA,51365,16853,A,no,799939
2490429,2015,Porsche,Cayenne,CA,52900,10120,B,yes,796314
2129157,2015,Porsche,Cayenne,MO,53988,14581,A,no,799352
2826147,2015,Porsche,Cayenne,CA,47495,28018,B,yes,799352
2398678,2015,Porsche,Cayenne,SC,44981,26658,B,no,793448
2147068,2015,Porsche,Cayenne,FL,43647,33881,B,yes,793448
2406183,2015,Porsche,Cayenne,FL,50900,10500,B,yes,796314
2831967,2015,Porsche,Cayenne,IL,57000,29991,B,no,798746
2804615,2015,Porsche,Cayenne,CA,51991,31071,A,yes,799352
2821682,2015,Porsche,Cayenne,CA,46888,33277,B,yes,796314
2758829,2015,Porsche,Cayenne,CA,49900,10600,A,no,799352
2931841,2015,Porsche,Cayenne,CO,48494,33376,B,no,796314
2177786,2015,Porsche,Cayenne,CT,57500,7969,A,no,793448
2244636,2015,Porsche,Cayenne,PA,47995,24874,B,no,799939
2325191,2015,Porsche,Cayenne,CA,46888,27250,B,yes,793448
2395195,2015,Porsche,Cayenne,TN,59100,25250,B,yes,798746
2920488,2015,Porsche,Cayenne,CA,61898,25950,B,no,793448
2044492,2015,Porsche,Cayenne,WI,49900,36369,A,yes,798746
2273445,2015,Porsche,Cayenne,FL,50900,10500,A,yes,796314
2895384,2015,Porsche,Cayenne,GA,45898,40984,B,yes,798746
2927531,2015,Porsche,Cayenne,FL,43990,28332,B,yes,794873
2450524,2015,Porsche,Cayenne,CA,49898,24543,A,yes,799352
2564464,2015,Porsche,Cayenne,CA,49000,28819,B,no,799352
2334244,2015,Porsche,Cayenne,OH,52994,8595,B,no,793448
2889180,2015,Porsche,Cayenne,CALIFORNIA,47494,32533,A,no,799939
2157972,2015,Porsche,Cayenne,FL,50900,10500,B,no,799939
2533296,2015,Porsche,Cayenne,NC,55203,44883,B,no,796314
2016429,2015,Porsche,Cayenne,PA,59675,28000,A,no,798746
2514761,2015,Porsche,Cayenne,OH,54994,13816,A,no,793448
2603817,2015,Porsche,Cayenne,NY,49995,13770,A,no,798746
2405427,2015,Porsche,Cayenne,PA,52995,4947,A,no,794873
2174793,2015,Porsche,Cayenne,FL,44923,38689,B,yes,799352
2500237,2015,Porsche,Cayenne,PA,52995,5690,B,yes,793448
2842856,2015,Porsche,Cayenne,TN,55571,25639,A,yes,799939
2235850,2015,Porsche,Cayenne,FL,59995,13168,B,yes,799939
2147810,2015,Porsche,Cayenne,CA,48898,28125,B,yes,794873
2657969,2015,Porsche,Cayenne,AZ,74950,26017,A,no,796314
2552743,2015,Porsche,Cayenne,OH,89991,9660,B,no,798746
2254878,2015,Porsche,Cayenne,CO,79599,19954,A,no,796314
2562075,2015,Porsche,Cayenne,CA,79900,35973,A,no,793448
2092991,2015,Porsche,Cayenne,CA,74995,35927,A,no,793448
2446634,2015,Porsche,Cayenne,MN,82972,16753,B,yes,796314
2439474,2015,Porsche,Cayenne,GA,74897,38616,B,no,799352
2939951,2015,Porsche,Cayenne,TX,66880,59921,A,no,794873
2292651,2015,Porsche,Cayenne,IL,66990,28691,B,yes,799939
2832090,2015,Porsche,Cayenne,GA,73083,26430,A,yes,799352
2162001,2015,Porsche,Cayenne,CA,57997,30169,A,no,794873
2304705,2015,Porsche,Cayenne,MI,53991,35390,B,no,793448
2780199,2015,Porsche,Cayenne,MI,54900,35711,A,no,798746
2391030,2015,Porsche,Cayenne,MI,51991,43810,A,yes,793448
2169550,2015,Porsche,Cayenne,CA,57498,29849,B,no,799352
2188562,2015,Porsche,Cayenne,CO,50599,40689,B,yes,799352
2360533,2015,Porsche,Cayenne,PA,52995,36995,A,no,793448
2719679,2015,Porsche,Cayenne,NJ,57900,30856,B,yes,793448
2017066,2015,Porsche,Cayenne,NJ,50900,44725,A,no,799939
2426809,2015,Porsche,Cayenne,PA,49950,32645,B,yes,799352
2410272,2015,Porsche,Cayenne,CA,58583,24850,A,no,796314
2925061,2015,Porsche,Cayenne,IL,56990,26840,B,yes,799352
2537329,2015,Porsche,Cayenne,NC,45828,59792,A,no,796314
2520201,2015,Porsche,Cayenne,GA,55990,42987,B,yes,796314
2936443,2015,Porsche,Cayenne,CA,54991,41567,B,no,794873
2911363,2015,Porsche,Cayenne,FL,52984,36704,A,yes,798746
2831587,2015,Porsche,Cayenne,IL,53998,15000,A,no,794873
2777814,2015,Porsche,Cayenne,NJ,52900,20545,A,yes,796314
2426104,2015,Porsche,Cayenne,FL,54990,26669,A,no,799352
2671822,2015,Porsche,Cayenne,AL,52981,34384,B,no,799939
2771894,2016,Porsche,Cayenne,MI,76991,22645,B,no,793770
2341735,2016,Porsche,Cayenne,FL,78000,10870,A,yes,798330
2485576,2016,Porsche,Cayenne,CA,70998,28000,B,no,793770
2100336,2016,Porsche,Cayenne,SC,71000,38742,B,yes,798330
2767935,2016,Porsche,Cayenne,IL,75000,16206,A,no,790680
2077956,2016,Porsche,Cayenne,PA,81899,13751,A,yes,793770
2741108,2016,Porsche,Cayenne,CO,72987,41523,B,no,790680
2540428,2016,Porsche,Cayenne,NC,82200,28023,B,yes,793770
2642936,2016,Porsche,Cayenne,CA,81898,15852,A,no,790781
2473450,2016,Porsche,Cayenne,OK,69500,47585,B,no,797694
2881733,2016,Porsche,Cayenne,MA,60601,29862,A,no,793770
2441870,2016,Porsche,Cayenne,FL,52505,25520,B,no,798330
2881469,2016,Porsche,Cayenne,CA,50995,26051,B,yes,790680
2477319,2016,Porsche,Cayenne,CA,54000,12928,B,no,797694
2268497,2016,Porsche,Cayenne,IL,58000,4587,B,yes,795874
2735630,2016,Porsche,Cayenne,CA,48559,27292,B,yes,797694
2564337,2016,Porsche,Cayenne,OK,48000,43918,B,yes,797694
2885588,2016,Porsche,Cayenne,GA,52950,32081,A,yes,790781
2655926,2016,Porsche,Cayenne,CA,53724,16425,B,yes,793770
2488417,2016,Porsche,Cayenne,CA,56900,16728,B,no,797694
2684704,2016,Porsche,Cayenne,CT,61900,7108,B,yes,795874
2996042,2016,Porsche,Cayenne,TN,53900,32204,B,no,790680
2900411,2016,Porsche,Cayenne,CA,49881,22780,A,yes,798330
2548613,2016,Porsche,Cayenne,OH,49884,27601,A,yes,795874
2310858,2016,Porsche,Cayenne,OK,49000,42296,A,no,795874
2013991,2016,Porsche,Cayenne,CT,42989,60075,B,no,795874
2465120,2016,Porsche,Cayenne,IL,47000,18521,A,no,795874
2325127,2016,Porsche,Cayenne,CA,47998,33000,B,no,795874
2956623,2016,Porsche,Cayenne,CT,52490,18909,A,no,798330
2047512,2016,Porsche,Cayenne,NC,57499,11489,B,no,793770
2807135,2016,Porsche,Cayenne,CT,46497,26267,A,yes,798330
2200501,2016,Porsche,Cayenne,CA,51994,26135,B,yes,790781
2487298,2016,Porsche,Cayenne,CA,51998,24122,A,yes,798330
2712823,2016,Porsche,Cayenne,FL,49980,18152,B,no,790680
2273730,2016,Porsche,Cayenne,CA,47998,22000,B,yes,798330
2532196,2016,Porsche,Cayenne,PA,54899,16570,B,no,790781
2013279,2016,Porsche,Cayenne,CALIFORNIA,47862,55772,B,yes,793770
2921003,2016,Porsche,Cayenne,MI,49500,39290,A,no,795874
2582185,2016,Porsche,Cayenne,IL,43999,34908,A,yes,790781
2475636,2016,Porsche,Cayenne,OH,48482,33191,B,yes,798330
2887532,2016,Porsche,Cayenne,CA,55940,14598,B,yes,798330
2495504,2016,Porsche,Cayenne,FL,44777,33130,B,yes,798330
2761628,2016,Porsche,Cayenne,TN,58000,7501,A,yes,798330
2213267,2016,Porsche,Cayenne,FL,50989,17468,A,no,793770
2521361,2016,Porsche,Cayenne,OH,51892,25835,B,yes,797694
2967564,2016,Porsche,Cayenne,FL,59995,7570,A,no,790781
2078485,2016,Porsche,Cayenne,OH,50484,28293,A,no,797694
2520697,2016,Porsche,Cayenne,IL,48500,33151,B,yes,790781
2784809,2016,Porsche,Cayenne,CA,46992,31621,A,yes,793770
2098989,2016,Porsche,Cayenne,TN,58000,6677,B,yes,797694
2580558,2016,Porsche,Cayenne,CT,50600,11533,A,no,798330
2040954,2016,Porsche,Cayenne,FL,59473,9032,A,yes,795874
2529488,2016,Porsche,Cayenne,PA,52580,13252,B,yes,793770
2553549,2016,Porsche,Cayenne,CA,51881,12903,B,no,790781
2788175,2016,Porsche,Cayenne,FL,53895,19203,B,no,790680
2662067,2016,Porsche,Cayenne,NY,49995,29938,B,yes,790781
2474192,2016,Porsche,Cayenne,GA,46993,58729,A,yes,795874
2218418,2016,Porsche,Cayenne,PA,57995,4253,A,yes,797694
2904903,2016,Porsche,Cayenne,TN,61900,5512,B,yes,790680
2348659,2016,Porsche,Cayenne,IL,48000,38433,A,yes,793770
2587409,2016,Porsche,Cayenne,CA,48998,24000,A,no,797694
2946121,2016,Porsche,Cayenne,NC,51416,32585,A,yes,798330
2317263,2016,Porsche,Cayenne,PA,57995,8671,B,no,798330
2015116,2016,Porsche,Cayenne,SC,51000,43613,A,no,795874
2001989,2016,Porsche,Cayenne,CT,44218,26065,A,no,797694
2388586,2016,Porsche,Cayenne,CA,60995,10362,A,no,790680
2950022,2016,Porsche,Cayenne,PA,52500,23257,B,no,790781
2183693,2016,Porsche,Cayenne,AL,44825,32744,B,yes,797694
2308471,2016,Porsche,Cayenne,IL,52000,20370,A,no,797694
2115100,2016,Porsche,Cayenne,VA,49998,32000,A,yes,795874
2656321,2016,Porsche,Cayenne,FL,47995,49885,B,yes,793770
2886222,2016,Porsche,Cayenne,NY,51990,33153,B,no,790781
2805486,2016,Porsche,Cayenne,FL,49891,45455,B,yes,790781
2670567,2016,Porsche,Cayenne,IL,46000,49080,A,yes,798330
2529543,2016,Porsche,Cayenne,GA,54950,15125,A,yes,795874
2429764,2016,Porsche,Cayenne,FL,47845,23090,A,no,795874
2468176,2016,Porsche,Cayenne,OH,49843,40154,A,yes,790781
2125940,2016,Porsche,Cayenne,NV,50998,16000,A,yes,790680
2788277,2016,Porsche,Cayenne,CT,50489,26076,A,no,790680
2961059,2016,Porsche,Cayenne,CT,51995,22029,B,no,790680
2936390,2016,Porsche,Cayenne,NY,49999,29493,A,yes,795874
2050467,2016,Porsche,Cayenne,FL,52105,24006,B,yes,798330
2277604,2016,Porsche,Cayenne,MA,60601,31554,A,yes,793770
2663190,2015,Porsche,911,OH,104883,24741,B,yes,791122
2653508,2015,Porsche,911,CA,103991,29701,B,yes,796227
2650090,2015,Porsche,911,TX,98699,18499,B,yes,795490
2850051,2015,Porsche,911,CA,105898,20359,A,yes,796523
2569108,2015,Porsche,911,RI,112590,9984,B,no,796878
2206764,2015,Porsche,911,CALIFORNIA,108697,22872,B,yes,793155
2704980,2015,Porsche,911,NJ,102800,10337,B,no,791122
2594256,2015,Porsche,911,FL,110980,5173,B,yes,791122
2546885,2015,Porsche,911,OH,103995,21236,B,yes,795490
2304896,2016,Porsche,Cayenne,MO,52877,14705,B,no,797694
2710069,2016,Porsche,Cayenne,CA,56900,24059,A,yes,795874
2489793,2016,Porsche,Cayenne,CA,55900,19440,B,yes,795874
2213368,2016,Porsche,Cayenne,FL,56900,10500,B,no,795874
2484496,2016,Porsche,Cayenne,CA,57900,15615,B,no,795874
2514332,2016,Porsche,Cayenne,CA,52993,31694,A,yes,790680
2623888,2016,Porsche,Cayenne,FL,61465,20645,B,yes,790680
2117364,2016,Porsche,Cayenne,SC,57000,34634,B,no,797694
2065286,2016,Porsche,Cayenne,CA,54492,28676,A,no,797694
2591721,2016,Porsche,Cayenne,FL,49727,26554,B,yes,790781
2475316,2016,Porsche,Cayenne,CA,54881,35971,A,no,790781
2752785,2016,Porsche,Cayenne,MN,58977,14632,A,yes,790781
2718137,2016,Porsche,Cayenne,CA,53881,40645,B,yes,798330
2990527,2016,Porsche,Cayenne,CA,62995,6682,B,no,797694
2380666,2016,Porsche,Cayenne,CALIFORNIA,47999,18586,A,no,797694
2878631,2016,Porsche,Cayenne,CA,54898,19032,A,yes,798330
2084139,2016,Porsche,Cayenne,CT,49940,29384,B,yes,790781
2003947,2016,Porsche,Cayenne,IL,60000,11834,A,no,790781
2697264,2016,Porsche,Cayenne,GA,61950,17665,A,no,790680
2392839,2016,Porsche,Cayenne,FL,56900,23822,B,no,797694
2364368,2016,Porsche,Cayenne,MI,51991,45674,A,yes,798330
2467167,2016,Porsche,Cayenne,FL,56900,10500,A,yes,797694
2877410,2016,Porsche,Cayenne,MO,53899,13988,A,no,790680
2633651,2016,Porsche,Cayenne,NV,58499,35451,B,yes,795874
2828169,2016,Porsche,Cayenne,CT,49900,34617,A,no,795874
2915402,2016,Porsche,Cayenne,CA,55900,22555,B,no,790680
2126467,2016,Porsche,Cayenne,CA,61995,6520,B,yes,798330
2031417,2016,Porsche,Cayenne,CA,53991,21017,A,yes,797694
2502404,2016,Porsche,Cayenne,CA,62900,12576,B,yes,790781
2044091,2016,Porsche,Cayenne,CT,61500,5443,A,yes,793770
2372804,2016,Porsche,Cayenne,FL,49898,30238,B,yes,793770
2923260,2016,Porsche,Cayenne,FL,56900,10500,A,yes,790781
2867724,2016,Porsche,Cayenne,FL,59995,15665,A,yes,790781
2698247,2016,Porsche,Cayenne,TN,61250,19856,B,yes,790781
2378245,2016,Porsche,Cayenne,CA,58900,19617,B,yes,797694
2984623,2016,Porsche,Cayenne,PA,63999,36599,A,yes,795874
2099286,2016,Porsche,Cayenne,CT,49900,28482,B,yes,795874
2503116,2016,Porsche,Cayenne,IL,57990,27236,B,no,793770
2181519,2016,Porsche,Cayenne,PA,54995,18073,B,no,795874
2693011,2016,Porsche,Cayenne,FL,56900,10500,A,no,797694
2852010,2016,Porsche,Cayenne,NY,52995,19491,A,yes,798330
2082865,2016,Porsche,Cayenne,SC,62981,33873,A,yes,790680
2038684,2016,Porsche,Cayenne,CA,58900,19121,A,no,798330
2795471,2016,Porsche,Cayenne,MN,57977,20385,A,no,790680
2016673,2016,Porsche,Cayenne,NY,52995,22074,A,no,790680
2931455,2016,Porsche,Cayenne,FL,54995,11004,B,yes,798330
2465803,2016,Porsche,Cayenne,FL,59437,26288,B,no,798330
2151398,2016,Porsche,Cayenne,MN,57977,14138,B,no,790781
2772957,2016,Porsche,Cayenne,CA,54898,20177,A,no,790781
2807138,2016,Porsche,Cayenne,NJ,55900,19396,A,no,793770
2364012,2016,Porsche,Cayenne,WA,63988,5172,A,no,795874
2654813,2016,Porsche,Cayenne,CA,54492,22228,B,no,798330
2824153,2016,Porsche,Cayenne,FL,64995,13013,A,yes,797694
2721272,2016,Porsche,Cayenne,CA,52992,24618,A,no,797694
2590031,2016,Porsche,Cayenne,FL,56900,37592,B,yes,790680
2747492,2016,Porsche,Cayenne,CA,57988,16762,B,yes,798330
2291643,2016,Porsche,Cayenne,FL,49417,22314,A,yes,798330
2557637,2016,Porsche,Cayenne,CA,53993,23742,A,yes,795874
2226101,2016,Porsche,Cayenne,CA,53993,24336,A,no,795874
2920311,2016,Porsche,Cayenne,CT,49900,13687,A,yes,795874
2907469,2016,Porsche,Cayenne,CA,58900,15363,A,no,797694
2650188,2016,Porsche,Cayenne,MN,57977,19023,B,yes,795874
2130375,2016,Porsche,Cayenne,FL,49898,24232,B,yes,798330
2971286,2016,Porsche,Cayenne,FL,56900,10500,B,no,795874
2371524,2016,Porsche,Cayenne,CA,57988,16912,A,no,793770
2892780,2016,Porsche,Cayenne,GA,90899,27000,A,no,797694
2904788,2016,Porsche,Cayenne,OH,86991,16059,B,no,795874
2447585,2016,Porsche,Cayenne,FL,114900,15148,B,no,790781
2595507,2016,Porsche,Cayenne,PA,61993,26007,A,yes,798330
2097178,2016,Porsche,Cayenne,CALIFORNIA,66875,16088,B,yes,798330
2881124,2016,Porsche,Cayenne,NJ,69990,10440,A,no,790781
2397106,2016,Porsche,Cayenne,MO,61000,25524,B,yes,795874
2130417,2016,Porsche,Cayenne,FL,70998,4392,A,yes,798330
2074120,2016,Porsche,Cayenne,TN,62888,38086,B,yes,798330
2826853,2016,Porsche,Cayenne,AL,59981,23752,A,yes,790680
2439648,2016,Porsche,Cayenne,OH,59991,47941,B,yes,797694
2146991,2016,Porsche,Cayenne,CA,52998,38000,A,yes,798330
2685765,2016,Porsche,Cayenne,NJ,72900,7196,A,no,790781
2658007,2016,Porsche,Cayenne,GA,63899,16745,A,yes,793770
2492433,2016,Porsche,Cayenne,NC,59994,31605,B,no,790680
2824098,2016,Porsche,Cayenne,TN,63097,17014,A,yes,797694
2895005,2016,Porsche,Cayenne,CA,61991,23501,A,no,790781
2831891,2016,Porsche,Cayenne,CA,59881,27140,B,yes,793770
2949709,2016,Porsche,Cayenne,NY,67900,11741,A,no,798330
2299047,2016,Porsche,Cayenne,GA,61994,30405,A,yes,797694
2761150,2016,Porsche,Cayenne,CA,61898,22009,B,yes,793770
2286892,2016,Porsche,Cayenne,CA,67195,19630,B,no,797694
2355364,2016,Porsche,Cayenne,CA,73497,2167,A,no,790680
2365432,2016,Porsche,Cayenne,CA,56981,20267,B,no,793770
2578921,2016,Porsche,Cayenne,CT,58979,44494,A,yes,790680
2531384,2016,Porsche,Cayenne,CT,64282,19865,B,no,795874
2241915,2016,Porsche,Cayenne,CA,66548,19240,A,no,790781
2921298,2016,Porsche,Cayenne,OH,63943,20385,A,yes,797694
2012458,2016,Porsche,Cayenne,FL,64990,8011,A,no,795874
2751378,2016,Porsche,Cayenne,GA,61994,21763,B,yes,790680
2839355,2016,Porsche,Cayenne,CA,59991,9685,A,yes,798330
2880577,2016,Porsche,Cayenne,CA,59900,22678,A,yes,795874
2033410,2016,Porsche,Cayenne,FL,59495,27979,A,no,795874
2777346,2016,Porsche,Cayenne,CA,64995,28142,A,yes,797694
2019221,2016,Porsche,Cayenne,CA,64993,25484,B,yes,790680
2145087,2016,Porsche,Cayenne,CA,66000,14481,A,no,795874
2936581,2016,Porsche,Cayenne,FL,61990,19704,A,no,793770
2375625,2016,Porsche,Cayenne,LA,53470,15391,B,yes,795874
2671267,2016,Porsche,Cayenne,GA,61994,26580,A,yes,795874
2407130,2016,Porsche,Cayenne,FL,54991,20172,A,no,790680
2932882,2016,Porsche,Cayenne,CA,64495,24479,B,no,793770
2617293,2016,Porsche,Cayenne,CA,59498,32689,A,yes,793770
2256435,2016,Porsche,Cayenne,NJ,59900,24214,B,yes,795874
2189521,2016,Porsche,Macan,NY,49990,32499,A,no,799248
2729235,2016,Porsche,Macan,IL,47419,15804,B,yes,798268
2743855,2016,Porsche,Macan,OH,46991,48550,A,yes,798268
2094767,2016,Porsche,Macan,CA,49950,19424,A,no,795571
2444379,2016,Porsche,Macan,CA,54000,22809,B,yes,799446
2294732,2016,Porsche,Macan,KS,48998,32000,A,no,798268
2742778,2016,Porsche,Macan,NJ,46000,49165,A,no,794318
2231268,2016,Porsche,Macan,FL,49893,15021,B,no,794318
2775010,2016,Porsche,Macan,CA,55497,26713,B,yes,794318
2532812,2016,Porsche,Macan,NY,49800,30040,A,no,794318
2014028,2016,Porsche,Macan,IN,50000,10032,A,yes,794318
2731001,2016,Porsche,Macan,MA,51750,23247,B,no,799446
2978886,2016,Porsche,Macan,IL,46000,44645,A,yes,799446
2575734,2016,Porsche,Macan,FL,54950,11721,A,yes,794318
2880143,2016,Porsche,Macan,SC,56392,16820,B,yes,799248
2299741,2016,Porsche,Macan,IL,44675,36485,B,yes,799446
2589588,2016,Porsche,Macan,CA,55000,17050,A,yes,799446
2075909,2016,Porsche,Macan,TX,51627,20912,A,yes,799446
2056213,2016,Porsche,Macan,WA,52995,11208,B,yes,794318
2028508,2016,Porsche,Macan,CA,51450,17000,B,no,795571
2105925,2016,Porsche,Macan,IL,47000,46415,B,no,795571
2498621,2016,Porsche,Macan,OH,53891,24735,B,no,798268
2646628,2016,Porsche,Macan,NC,53995,8571,A,yes,794318
2783273,2016,Porsche,Macan,VA,49998,19000,A,no,794318
2176312,2016,Porsche,Macan,OH,54991,24545,A,no,795571
2910024,2016,Porsche,Macan,OK,49500,38507,B,no,798268
2713179,2016,Porsche,Macan,OH,52994,21277,B,yes,799446
2183120,2016,Porsche,Macan,OH,48998,27000,B,no,799248
2320918,2016,Porsche,Macan,OH,53995,17108,A,no,799446
2610889,2016,Porsche,Macan,CT,61400,32567,A,yes,794318
2774544,2016,Porsche,Macan,MD,70888,15100,A,yes,797976
2534058,2016,Porsche,Macan,FL,67990,22775,B,yes,799248
2284220,2016,Porsche,Macan,NY,70995,3711,B,yes,799446
2591785,2016,Porsche,Macan,NY,69900,15790,B,yes,798268
2251136,2016,Porsche,Macan,FL,66390,31830,A,no,798268
2030527,2016,Porsche,Macan,CO,73000,16117,A,no,799248
2241791,2016,Porsche,Macan,FL,69950,11449,B,no,799248
2289913,2016,Porsche,Macan,TN,72571,5186,A,yes,794318
2721238,2016,Porsche,Macan,PA,66899,14679,B,yes,799248
2468186,2016,Porsche,Macan,MD,66888,32491,A,yes,797976
2600262,2016,Porsche,Macan,PA,64950,19363,A,no,797976
2012947,2016,Porsche,Macan,WA,69995,12828,A,yes,794318
2328322,2016,Porsche,Panamera,MA,69780,30102,B,no,790647
2991528,2016,Porsche,Panamera,IL,64000,8400,B,no,790647
2209832,2016,Porsche,Panamera,CA,54994,30066,B,yes,796187
2973292,2016,Porsche,Panamera,GA,64948,26721,A,no,793023
2891101,2016,Porsche,Panamera,KS,62998,24000,A,no,793023
2624251,2016,Porsche,Panamera,OH,65881,23254,A,no,790647
2199040,2016,Porsche,Panamera,MD,63888,25665,A,no,793023
2255113,2016,Porsche,Panamera,FL,64998,15000,A,no,790647
2979014,2016,Porsche,Panamera,CT,73000,38630,A,no,795799
2682095,2016,Porsche,Panamera,PA,77991,15155,B,yes,790647
2043828,2016,Porsche,Panamera,MN,74977,25951,B,no,796187
2661071,2016,Porsche,Panamera,WA,79995,6303,B,yes,796187
2869248,2016,Porsche,Panamera,GA,70987,13546,A,yes,796187
2067472,2016,Porsche,Panamera,MA,79998,9133,B,no,791524
2036219,2016,Porsche,Panamera,CA,67888,11520,A,yes,796187
2370040,2016,Porsche,Panamera,IL,65000,5624,B,no,795799
2009097,2016,Porsche,Panamera,FL,93977,6151,B,no,793023
2668165,2016,Porsche,Panamera,MN,95977,11413,B,yes,795799
2140759,2016,Porsche,Panamera,MA,94998,19675,A,no,793023
2029467,2016,Porsche,Panamera,CT,89881,10714,A,no,791524
2461477,2016,Porsche,Panamera,MO,96955,9509,B,yes,791524
2813479,2016,Porsche,Panamera,FL,87711,13064,A,no,791524
2088221,2016,Porsche,Panamera,OH,89900,26139,A,yes,796187
2781875,2016,Porsche,Panamera,CA,89900,7700,A,yes,790647
2740731,2016,Porsche,Panamera,PA,87840,30889,A,no,793023
2881379,2016,Porsche,Panamera,OK,82950,26715,A,yes,790647
2588216,2016,Porsche,Panamera,FL,79991,22674,A,no,795799
2909369,2016,Porsche,Panamera,FL,79991,20536,B,no,793023
2398856,2016,Porsche,Panamera,MO,89977,13665,B,no,790647
2903410,2016,Porsche,Panamera,SC,92000,10123,B,no,796187
2910647,2016,Porsche,Panamera,VA,89900,35209,B,yes,790647
2847611,2016,Porsche,Panamera,IL,90000,6599,B,yes,790328
2858732,2016,Porsche,Panamera,MD,99888,8840,B,no,796187
2507188,2016,Porsche,Panamera,IL,90000,3550,A,yes,796187
2952558,2016,Porsche,Panamera,TN,69900,14069,A,yes,795799
2597039,2016,Porsche,Panamera,CA,68898,26485,A,no,795799
2457806,2016,Porsche,Panamera,IL,70000,5545,A,no,790647
2614260,2016,Porsche,Panamera,GA,70000,11875,B,no,795799
2099146,2016,Porsche,Panamera,IL,70000,7500,B,yes,791524
2821758,2016,Porsche,Panamera,PA,79865,4418,B,no,790328
2267424,2016,Porsche,Panamera,IL,79000,7977,B,yes,793023
2594908,2016,Porsche,Panamera,NY,72995,5892,B,yes,795799
2893589,2016,Porsche,Panamera,CA,67870,11957,A,yes,790647
2485507,2016,Porsche,Panamera,CA,114995,4756,A,yes,796187
2078380,2016,Porsche,Panamera,CA,61498,16578,B,no,790647
2339210,2016,Porsche,Panamera,NC,60899,28092,A,no,795799
2736473,2016,Porsche,Panamera,CA,66406,9381,B,yes,790328
2149840,2016,Porsche,Panamera,CA,63898,56015,A,no,795799
2981451,2016,Porsche,Panamera,CALIFORNIA,68380,13722,A,no,795799
2634746,2016,Porsche,Panamera,CA,62988,20207,A,yes,793023
2876529,2016,Porsche,Panamera,CA,61991,19815,A,no,795799
2875489,2016,Porsche,Panamera,FL,60196,13742,B,no,790328
2068298,2016,Porsche,Panamera,FL,62990,26985,B,yes,796187
2556454,2016,Porsche,Panamera,GA,59877,32544,B,yes,793023
2958510,2016,Porsche,Panamera,CA,58881,34592,B,yes,790647
2235759,2016,Porsche,Panamera,CA,61888,25840,B,yes,793023
2348384,2016,Porsche,Panamera,GA,64948,20765,A,no,796187
2618421,2016,Porsche,Panamera,GA,64950,18267,A,no,793023
2708842,2016,Porsche,Panamera,TX,53988,41082,A,yes,793023
2743397,2016,Porsche,Panamera,FL,61990,20203,A,no,790328
2626109,2016,Porsche,Panamera,CA,60997,28442,B,no,791524
2260476,2016,Porsche,Panamera,IL,58000,4738,A,yes,793023
2818652,2016,Porsche,Panamera,NJ,69750,7687,A,yes,791524
2722085,2016,Porsche,Panamera,MA,61900,27271,A,no,793023
2374751,2016,Porsche,Panamera,FL,63899,17375,B,no,790647
2381168,2016,Porsche,Panamera,MD,64777,32188,B,yes,795799
2226555,2016,Porsche,Panamera,TN,65900,21824,B,yes,793023
2055876,2016,Porsche,Panamera,FL,66995,7028,A,yes,791524
2555248,2016,Porsche,Panamera,CT,63000,30856,A,yes,790328
2414050,2016,Porsche,Panamera,FL,61702,18673,B,yes,793023
2008179,2016,Porsche,Panamera,CA,63898,17543,B,no,795799
2958105,2016,Porsche,911,FL,169900,5541,B,no,790729
2480574,2016,Porsche,911,FL,148880,12860,A,yes,791234
2765596,2016,Porsche,911,PA,135990,22783,A,no,791580
2483063,2016,Porsche,911,CALIFORNIA,149990,1883,B,yes,791234
2673303,2016,Porsche,911,CA,86000,14648,A,yes,797789
2299193,2016,Porsche,911,OH,79992,32639,B,no,790729
2578077,2016,Porsche,911,OH,89983,19594,B,yes,791234
2314685,2016,Porsche,911,CA,79988,5593,B,no,791234
2769759,2016,Porsche,911,OH,74897,13742,A,yes,794903
2197316,2016,Porsche,911,CA,84991,21542,A,no,791580
2444928,2016,Porsche,911,MD,82777,11252,A,yes,797789
2886783,2016,Porsche,911,FL,90378,7575,B,no,790729
2442980,2016,Porsche,911,IL,80000,8879,B,no,790729
2325277,2016,Porsche,911,OH,83884,8441,B,no,797789
2441637,2016,Porsche,911,NJ,99995,9653,A,yes,791580
2034595,2016,Porsche,911,IL,105000,16684,B,no,799349
2392320,2016,Porsche,911,PA,110995,9461,A,yes,791580
2926614,2016,Porsche,911,SC,99900,13230,B,yes,791580
2726711,2016,Porsche,911,PA,102990,10679,A,no,791580
2083165,2016,Porsche,911,NJ,104900,5982,B,no,791580
2391647,2016,Porsche,911,NJ,119995,3453,A,yes,799349
2876620,2016,Porsche,911,PA,103990,17129,A,no,797789
2625587,2016,Porsche,911,OH,167995,4359,A,no,797789
2246993,2016,Porsche,911,IL,148000,10793,A,yes,794903
2351565,2016,Porsche,911,MA,134998,13721,A,no,791580
2743286,2016,Porsche,911,CT,140995,15491,A,no,791234
2523342,2016,Porsche,911,CA,144123,7010,A,yes,799349
2098787,2016,Porsche,911,VA,97296,11211,A,no,791234
2797047,2016,Porsche,911,CA,94898,33051,B,yes,794903
2443539,2016,Porsche,911,NY,95995,18889,B,yes,794903
2696002,2016,Porsche,911,WI,96860,13915,B,no,797789
2343200,2016,Porsche,911,FL,92977,10969,A,yes,797789
2265509,2016,Porsche,911,NC,98990,4985,A,no,794903
2255234,2016,Porsche,911,CALIFORNIA,97994,11690,B,no,791580
2634271,2016,Porsche,911,CA,100994,5866,A,no,791580
2315038,2016,Porsche,911,NJ,99490,19254,B,no,791580
2201465,2016,Porsche,911,PA,94950,13204,B,no,794903
2382902,2016,Porsche,911,NJ,94500,5929,A,yes,790729
2498674,2016,Porsche,911,MO,99950,8448,B,no,791580
2057693,2016,Porsche,911,FL,97977,9891,B,no,790729
2392915,2016,Porsche,911,FL,94900,20106,A,yes,797789
2934424,2016,Porsche,911,MD,91500,10772,A,yes,790729
2812416,2016,Porsche,911,PA,101899,9798,B,no,794903
2731138,2016,Porsche,911,FL,87891,22504,B,yes,790729
2472702,2016,Porsche,911,FL,88983,12037,B,yes,797789
2832456,2016,Porsche,911,CA,83798,29136,B,yes,791234
2869613,2016,Porsche,911,NY,86900,16028,B,yes,791234
2994255,2016,Porsche,911,GA,82897,32813,A,yes,799349
2480016,2016,Porsche,911,FL,90147,8566,B,yes,797789
2079215,2016,Porsche,911,NY,85995,13196,A,yes,794903
2561363,2016,Porsche,911,CA,91984,5936,A,no,799349
2663043,2016,Porsche,911,CA,85898,16573,B,yes,791234
2932522,2016,Porsche,911,OH,88882,24894,B,yes,794903
2652989,2016,Porsche,911,CA,92788,10150,A,yes,790729
2915229,2016,Porsche,911,NJ,79900,42170,B,yes,799349
2711670,2016,Porsche,911,NJ,81900,32924,B,yes,791580
2672033,2016,Porsche,911,MA,105042,23427,A,yes,791234
2925954,2016,Porsche,911,CA,97998,4000,B,yes,790729
2136209,2016,Porsche,911,CA,99898,21875,B,no,797789
2351611,2016,Porsche,911,FL,100900,7211,B,no,790729
2554887,2016,Porsche,911,GA,93999,18260,A,yes,790729
2240879,2016,Porsche,911,IL,94500,12457,A,yes,790729
2821489,2016,Porsche,911,OH,121992,10062,B,yes,791580
2091764,2016,Porsche,911,CALIFORNIA,118938,22117,A,yes,791580
2420091,2016,Porsche,911,CA,116898,7461,A,no,794903
2079086,2016,Porsche,911,FL,122000,8150,B,yes,791580
2887009,2016,Porsche,911,FL,122900,15537,A,yes,799349
2934834,2016,Porsche,911,FL,118937,10360,B,no,791580
2677782,2016,Porsche,911,OH,127994,18569,B,no,791234
2235439,2016,Porsche,911,FL,129950,12160,B,yes,797789
2856021,2016,Porsche,911,CA,117898,9775,A,yes,791234
2314652,2016,Porsche,911,OH,114900,12576,A,no,791234
2266823,2016,Porsche,911,FL,114999,8802,A,no,797789
2209025,2016,Porsche,911,CA,120995,9845,A,no,797789
2705377,2016,Porsche,911,TN,129900,11818,B,yes,797789
2111733,2016,Porsche,911,NY,118995,13204,A,yes,790729
2675429,2016,Porsche,911,GA,129999,9943,B,yes,797789
2700169,2016,Porsche,Cayman,NY,52900,10121,A,no,799806
2407079,2016,Porsche,Cayman,SC,56000,3954,A,yes,795013
2177010,2016,Porsche,Cayman,CA,52500,11250,B,yes,796171
2506030,2016,Porsche,Cayman,OH,52991,17575,B,no,795598
2068920,2016,Porsche,Cayman,GA,52949,10386,A,yes,796997
2468581,2016,Porsche,Cayman,VA,48954,15370,B,no,795013
2542232,2016,Porsche,Cayman,NC,51593,15373,A,yes,796171
2876937,2016,Porsche,Cayman,AZ,49950,18585,A,yes,795598
2280139,2016,Porsche,Cayman,OH,51882,16542,B,yes,795013
2434608,2016,Porsche,Cayman,CA,49900,27236,A,no,796171
2680377,2016,Porsche,Cayman,OH,63884,15762,A,yes,796997
2681005,2016,Porsche,Cayman,AZ,59950,35635,B,no,795598
2012212,2016,Porsche,Cayman,GA,62999,12312,A,no,795013
2258126,2016,Porsche,Cayman,CA,66888,7588,A,yes,796171
2525730,2016,Porsche,Cayman,NC,67885,5591,B,yes,795013
2300528,2016,Porsche,Cayman,CO,79900,4689,A,no,795640
2431748,2016,Porsche,Cayman,PA,75699,10468,A,yes,795013
2173431,2016,Porsche,Cayman,CO,79500,8825,B,no,795013
2800913,2016,Porsche,Boxster,NY,69900,6569,B,no,795599
2283394,2016,Porsche,Boxster,CA,63881,12595,B,yes,797697
2238881,2016,Porsche,Boxster,FL,63891,14805,A,yes,792593
2746613,2016,Porsche,Boxster,CA,60788,4040,B,no,795599
2444759,2016,Porsche,Boxster,NC,61492,18840,A,yes,798522
2977896,2016,Porsche,Boxster,MO,66950,1753,A,yes,792691
2145447,2016,Porsche,Boxster,FL,57594,24593,B,yes,797697
2394826,2016,Porsche,Boxster,MO,70899,18575,B,no,797697
2573517,2016,Porsche,Boxster,FL,53991,16972,B,yes,797697
2361042,2016,Porsche,Boxster,CA,48898,17260,B,yes,792593
2765491,2016,Porsche,Boxster,FL,48995,6753,B,no,795599
2608658,2016,Porsche,Boxster,CA,79900,2830,B,yes,792691
2191339,2016,Porsche,Boxster,OH,77995,9220,A,no,792593
2368387,2016,Porsche,Boxster,FL,55865,4628,A,no,797697
2223517,2016,Porsche,Boxster,WI,49900,14185,A,yes,795599
2130184,2016,Porsche,Boxster,IL,48000,22543,B,no,795599
2823691,2016,Porsche,Boxster,CA,47995,10343,B,no,792691
2365912,2016,Porsche,Boxster,OH,52995,9371,A,yes,798522
2134908,2016,Porsche,Boxster,FL,52876,8202,B,yes,797697
2699027,2016,Porsche,Boxster,CA,51481,6817,B,no,795599
2942687,2016,Porsche,Boxster,CA,44998,10000,A,yes,792691
2641468,2016,Porsche,Boxster,FL,48990,18617,B,no,797697
2992522,2016,Porsche,Boxster,GA,47899,29256,A,no,795599
2716664,2016,Porsche,Boxster,FL,47996,22998,A,no,798522
2771327,2016,Porsche,Boxster,FL,49777,9768,A,no,797697
2074874,2016,Porsche,Boxster,FL,51186,14097,A,yes,797697
2929277,2016,Porsche,Boxster,MO,51492,15403,B,no,792691
2888626,2016,Porsche,Boxster,OH,50991,16625,A,no,798522
2498105,2016,Porsche,911,FL,78983,29907,A,no,794903
2840139,2016,Porsche,911,OH,83992,13835,A,yes,790729
2508503,2016,Porsche,911,NJ,78995,11290,A,no,790729
2251635,2016,Porsche,911,PA,77950,15913,B,yes,799349
2008203,2016,Porsche,911,FL,83900,14145,A,yes,797789
2535502,2016,Porsche,911,SC,81900,10123,A,no,794903
2890704,2016,Porsche,911,IL,78000,32327,A,no,791580
2153437,2016,Porsche,Cayman,CA,54900,14133,B,yes,795598
2054950,2016,Porsche,Cayman,PA,53991,1201,B,yes,795598
2997478,2016,Porsche,Cayman,CA,47994,29619,B,yes,795013
2366940,2016,Porsche,Cayman,CA,48998,5000,A,yes,795598
2007421,2016,Porsche,Cayman,MO,49950,42588,B,yes,796171
2808341,2016,Porsche,Cayman,CA,50983,19919,A,yes,796171
2254854,2016,Porsche,Cayman,FL,53527,18170,B,yes,795598
2939906,2016,Porsche,Cayman,NC,54992,9541,B,no,799806
2849697,2016,Porsche,Cayman,PA,54999,7263,B,yes,795598
2294231,2016,Porsche,Cayman,CA,51433,16601,B,yes,796997
2454244,2016,Porsche,Cayman,OK,54000,7939,A,yes,795598
2576294,2016,Porsche,Cayman,FL,47998,13000,B,no,796997
2124030,2016,Porsche,Cayman,FL,56399,2368,A,yes,796171
2967179,2017,Porsche,911,TN,175571,1327,B,no,794236
2910092,2017,Porsche,911,FL,179900,1802,A,yes,790516
2334108,2017,Porsche,911,IL,160000,16802,B,no,798042
2373006,2017,Porsche,911,OH,194993,2630,B,yes,790516
2291076,2017,Porsche,911,CA,183425,1750,A,no,798042
2011002,2017,Porsche,911,NC,174286,8728,A,no,799033
2946084,2017,Porsche,911,FL,169315,11903,A,no,790516
2779234,2017,Porsche,911,NC,169129,1305,A,yes,798042
2031952,2017,Porsche,911,MA,169575,3120,B,yes,798042
2932214,2017,Porsche,911,CA,89899,17890,B,yes,790516
2978194,2017,Porsche,911,CA,92981,9526,A,yes,798239
2699941,2017,Porsche,911,CA,87898,8149,A,no,794236
2031042,2017,Porsche,911,IL,92000,2721,A,yes,798042
2143824,2017,Porsche,911,CA,97900,6625,B,no,790516
2197396,2017,Porsche,911,VA,92900,4920,B,yes,794236
2356734,2017,Porsche,911,FL,95983,6117,B,yes,791024
2603727,2017,Porsche,911,FL,90983,19644,A,yes,790516
2305098,2017,Porsche,911,CALIFORNIA,89844,10687,A,no,790516
2584634,2017,Porsche,911,CA,119881,1408,B,yes,790516
2029335,2017,Porsche,911,FL,119900,11631,B,no,798042
2761426,2017,Porsche,911,MD,113888,14658,B,yes,798239
2661581,2017,Porsche,911,SC,129988,2839,B,yes,799033
2394967,2017,Porsche,911,NV,116899,3020,A,yes,794236
2013608,2017,Porsche,911,OH,118884,7361,A,no,798042
2380500,2017,Porsche,911,NC,112549,6862,A,yes,794236
2883228,2017,Porsche,911,CALIFORNIA,118669,3882,B,yes,794236
2868763,2017,Porsche,911,NJ,132900,1025,B,yes,799033
2220420,2017,Porsche,911,CA,154898,6942,B,no,794236
2907121,2017,Porsche,911,FL,149990,15540,B,yes,798042
2454118,2017,Porsche,911,MA,156888,4045,B,no,798042
2218198,2017,Porsche,911,CALIFORNIA,154087,12167,B,yes,790516
2834931,2017,Porsche,911,TX,102987,8315,A,no,790516
2953487,2017,Porsche,911,NY,109900,1897,B,yes,798042
2913219,2017,Porsche,911,PA,109994,2713,A,no,790516
2890593,2017,Porsche,911,CT,109900,1665,A,no,791024
2826803,2017,Porsche,911,IL,108000,2445,B,yes,798042
2995760,2017,Porsche,911,CA,108684,10571,A,no,794236
2927291,2017,Porsche,911,IA,107492,4064,A,yes,798239
2458049,2017,Porsche,911,CA,108995,5248,B,yes,791024
2230874,2017,Porsche,911,NY,109990,12432,A,yes,799033
2964842,2017,Porsche,911,OH,107995,4904,A,no,799033
2622541,2017,Porsche,911,CA,116900,1116,B,no,798239
2171896,2017,Porsche,911,MI,107991,6941,B,no,798042
2103438,2017,Porsche,911,GA,103818,4410,B,no,798239
2930418,2017,Porsche,911,PA,113000,13741,B,yes,794236
2677764,2017,Porsche,911,CO,114900,1220,A,yes,791024
2390739,2017,Porsche,911,OH,109991,3163,B,yes,790516
2400367,2017,Porsche,911,PA,109995,1102,B,no,791024
2214278,2017,Porsche,911,CA,95991,8385,B,no,798239
2267345,2017,Porsche,911,FL,105791,6185,B,yes,798239
2581302,2017,Porsche,911,IL,90000,11695,A,yes,790516
2619182,2017,Porsche,911,CALIFORNIA,100000,4482,B,no,791024
2771887,2017,Porsche,911,TX,92880,1856,A,yes,798042
2610771,2017,Porsche,911,PA,108360,3455,B,yes,794236
2375734,2017,Porsche,911,CA,114851,8154,B,no,790516
2047326,2017,Porsche,911,GA,116989,14105,B,yes,798239
2172448,2017,Porsche,911,FL,125977,2906,B,no,794236
2571720,2017,Porsche,911,FL,121865,4202,B,yes,794236
2317016,2017,Porsche,911,CO,129362,1156,A,yes,798042
2048121,2017,Porsche,911,FL,124977,3846,A,no,794236
2976815,2017,Porsche,911,PA,117994,3637,B,yes,790516
2340249,2017,Porsche,911,FL,114900,10066,A,yes,798042
2773996,2017,Porsche,911,FL,100243,6367,B,no,791024
2632738,2017,Porsche,911,CA,121980,14505,B,yes,791024
2403441,2017,Porsche,911,CA,130881,4275,B,no,798042
2778645,2017,Porsche,911,NJ,120900,9791,A,yes,791024
2923961,2017,Porsche,911,CO,124900,13919,A,no,791024
2411275,2017,Porsche,911,VA,132900,9850,B,yes,794236
2037922,2017,Porsche,911,OH,139991,4165,B,no,798239
2520190,2017,Porsche,911,CALIFORNIA,128160,14686,A,yes,799033
2373669,2017,Porsche,Macan,NC,60232,8797,A,yes,791485
2932001,2017,Porsche,Macan,AZ,55998,16000,B,yes,793358
2046141,2017,Porsche,Macan,NE,56995,21237,A,no,791392
2419751,2017,Porsche,Macan,FL,53995,13113,B,no,791485
2683664,2017,Porsche,Macan,PA,54390,19479,A,yes,792202
2259158,2017,Porsche,Macan,FL,56865,17474,A,no,791392
2754204,2017,Porsche,Macan,NV,56991,20440,A,yes,793358
2474193,2017,Porsche,Macan,FL,60899,8460,B,yes,790145
2386637,2017,Porsche,Macan,CA,55610,18338,A,no,791392
2588547,2017,Porsche,Macan,IL,58000,20336,B,yes,791485
2668142,2017,Porsche,Macan,MO,58991,20439,A,no,790145
2423253,2017,Porsche,Macan,IN,53995,24378,A,no,791392
2334531,2017,Porsche,Macan,CT,61400,22567,A,no,792684
2623344,2017,Porsche,Macan,NJ,59995,13547,A,yes,792684
2333565,2017,Porsche,Macan,MI,57991,12089,B,no,792202
2739656,2017,Porsche,Macan,PA,59697,8620,B,yes,792202
2881807,2017,Porsche,Macan,VA,54998,10000,B,no,792202
2921809,2017,Porsche,Macan,MN,60777,10261,A,no,792202
2777652,2017,Porsche,Macan,NY,79995,6747,B,no,792684
2667570,2017,Porsche,Macan,MN,77977,3972,A,yes,791485
2783835,2017,Porsche,Macan,NC,81524,5488,A,no,793358
2621540,2017,Porsche,Macan,NY,79995,5765,A,no,792202
2592951,2017,Porsche,Macan,NY,49990,10393,B,no,790145
2344428,2017,Porsche,Macan,IL,54900,5189,B,no,791485
2179660,2017,Porsche,Macan,TN,52500,4088,B,no,793358
2549285,2017,Porsche,Macan,TN,53923,6200,B,yes,791485
2146832,2017,Porsche,Macan,PA,50999,9929,A,yes,792202
2201695,2017,Porsche,Macan,TN,54900,6675,A,no,791485
2191451,2017,Porsche,Macan,FL,55000,5000,A,yes,792684
2532626,2017,Porsche,Macan,CA,48888,11705,A,yes,792684
2260763,2017,Porsche,Macan,SC,52899,2361,A,yes,791485
2077204,2017,Porsche,Macan,NY,49995,6435,A,no,792684
2075077,2017,Porsche,Macan,NY,52995,7979,B,no,791392
2389553,2017,Porsche,Macan,NY,52995,5153,B,no,792684
2138390,2017,Porsche,Macan,MO,51897,6677,A,yes,792684
2958634,2017,Porsche,Macan,CA,52991,9685,A,yes,791392
2856018,2017,Porsche,Macan,PA,50999,10294,A,yes,791485
2114759,2017,Porsche,Macan,CA,49898,8993,A,yes,792684
2638629,2017,Porsche,Macan,FL,55000,5000,B,yes,791392
2314402,2017,Porsche,Macan,FL,49995,8271,B,no,791392
2479230,2017,Porsche,Macan,ID,50995,2482,B,yes,791392
2050758,2017,Porsche,Macan,FL,52399,7815,B,no,790145
2462715,2017,Porsche,Macan,NY,49995,6697,A,yes,791392
2655042,2017,Porsche,Macan,FL,54290,10871,B,no,792684
2061020,2017,Porsche,Macan,GA,47793,10488,A,yes,791392
2525748,2017,Porsche,Macan,FL,49995,7147,A,yes,791392
2618300,2017,Porsche,Macan,PA,49995,6535,A,yes,791392
2890019,2017,Porsche,Macan,NY,49994,6350,A,no,792202
2134641,2017,Porsche,Macan,OH,50855,4266,A,yes,792684
2039489,2017,Porsche,Macan,NY,52995,4388,A,no,791392
2464790,2017,Porsche,Macan,CA,53999,8938,B,yes,793358
2651560,2017,Porsche,Macan,TN,51900,10222,B,yes,792202
2134724,2017,Porsche,Macan,OK,52000,6875,A,yes,790145
2730490,2017,Porsche,Macan,PA,47690,9069,A,yes,791485
2202453,2017,Porsche,Macan,SC,49899,4400,B,yes,791392
2336679,2017,Porsche,Macan,PA,52880,9675,A,yes,791485
2099772,2017,Porsche,Macan,PA,50999,9242,B,no,793358
2134829,2017,Porsche,Macan,NY,50995,6396,B,no,793358
2318743,2017,Porsche,Macan,TN,53900,6558,B,yes,790145
2330618,2017,Porsche,Macan,CA,48888,10792,A,no,791392
2186196,2017,Porsche,Macan,OH,52875,5250,B,no,791485
2860932,2017,Porsche,Macan,PA,53990,6140,B,no,791485
2853014,2017,Porsche,Macan,TN,47981,8346,A,yes,791392
2194012,2017,Porsche,Macan,NY,51900,7610,A,no,791392
2622922,2017,Porsche,Macan,NY,49995,5871,A,no,792202
2395799,2017,Porsche,Macan,AL,48683,10840,A,yes,791392
2845292,2017,Porsche,Macan,TN,49988,4732,A,no,792684
2768623,2017,Porsche,Macan,NY,51900,4199,A,no,792202
2669386,2017,Porsche,Macan,NY,49995,7681,B,yes,791485
2001232,2017,Porsche,Macan,RI,52990,5554,B,yes,791392
2906117,2017,Porsche,Macan,FL,48990,9614,A,no,792684
2100439,2017,Porsche,Macan,MD,52500,3770,A,yes,792684
2697930,2017,Porsche,Macan,CA,51595,10461,B,yes,792202
2266079,2017,Porsche,Macan,AL,48682,23103,B,yes,791485
2940844,2017,Porsche,Macan,FL,49983,5404,B,no,791485
2943619,2017,Porsche,Macan,NY,52995,8743,B,yes,791392
2631752,2017,Porsche,Macan,ID,54995,6298,A,no,791392
2264820,2017,Porsche,Macan,FL,50990,5579,B,no,792684
2925802,2017,Porsche,Macan,CA,48900,5282,B,yes,790145
2178996,2017,Porsche,Macan,PA,52999,11251,A,yes,791392
2749282,2017,Porsche,Macan,PA,52999,11644,A,yes,791392
2728789,2017,Porsche,Macan,CA,48500,4066,A,yes,791392
2263300,2017,Porsche,Macan,FL,47890,8525,A,yes,791485
2914631,2017,Porsche,Macan,CA,47995,9961,B,yes,792202
2839987,2017,Porsche,Macan,RI,53990,5554,A,no,790145
2044314,2017,Porsche,Macan,CT,69136,22844,A,yes,791485
2606080,2017,Porsche,Macan,NC,64760,30265,B,yes,791392
2732359,2017,Porsche,Macan,OH,71991,29439,A,no,791392
2608543,2017,Porsche,Macan,NJ,66900,26949,B,yes,791485
2134032,2017,Porsche,Macan,CALIFORNIA,70581,21749,A,no,792684
2237810,2017,Porsche,Macan,FL,73381,18127,A,yes,790145
2803635,2017,Porsche,Macan,NJ,66900,21703,A,no,791392
2238780,2017,Porsche,Macan,IL,71555,10306,A,no,791392
2298341,2017,Porsche,Macan,NC,70898,24600,A,yes,793358
2190611,2017,Porsche,Macan,FL,69891,22400,B,yes,793358
2696857,2017,Porsche,Macan,FL,71991,8848,B,yes,790145
2525634,2017,Porsche,Macan,WI,70869,15084,A,yes,793358
2629468,2017,Porsche,Macan,NY,69995,6106,A,no,791485
2511446,2017,Porsche,Macan,FL,67990,25422,A,no,790145
2786457,2017,Porsche,Macan,GA,68999,24219,B,no,791392
2681076,2017,Porsche,Macan,FL,66486,24954,A,no,792684
2666713,2017,Porsche,Macan,FL,71850,7860,A,no,792202
2644135,2017,Porsche,Macan,TX,69488,14452,A,no,791485
2287608,2017,Porsche,718 Boxster,CA,69821,7488,B,no,791691
2474516,2017,Porsche,718 Boxster,CA,69900,9195,B,yes,797384
2310541,2017,Porsche,718 Boxster,CA,73995,1104,B,yes,797384
2501309,2017,Porsche,718 Boxster,OH,78882,5177,B,yes,790255
2674281,2017,Porsche,718 Boxster,NJ,72000,11111,B,no,791691
2592196,2017,Porsche,718 Boxster,IL,73990,3912,B,yes,790255
2261157,2017,Porsche,718 Boxster,CA,74988,1134,B,no,790281
2767333,2017,Porsche,718 Boxster,CT,68425,8907,B,no,790255
2288233,2017,Porsche,718 Boxster,CA,74999,9575,A,no,790281
2361618,2017,Porsche,718 Boxster,CA,69881,5402,A,no,791691
2116283,2017,Porsche,718 Boxster,GA,72887,10565,B,no,794856
2987977,2017,Porsche,718 Boxster,PA,69950,2725,B,no,790281
2376720,2017,Porsche,718 Boxster,NJ,63900,6912,B,no,795359
2502512,2017,Porsche,718 Boxster,NJ,74900,4162,A,no,791691
2048009,2017,Porsche,718 Boxster,NJ,75900,5163,B,no,797384
2434563,2017,Porsche,718 Boxster,NJ,65900,6954,A,no,790281
2458489,2017,Porsche,718 Boxster,NJ,76000,1542,A,yes,791691
2210849,2017,Porsche,718 Boxster,CA,69995,6985,A,no,791691
2997260,2017,Porsche,718 Boxster,CALIFORNIA,68552,1035,B,no,797384
2006236,2017,Porsche,718 Boxster,NY,74900,5813,A,yes,795359
2757268,2017,Porsche,718 Boxster,NJ,70000,13435,B,no,791691
2664712,2017,Porsche,718 Boxster,CA,72995,5863,A,no,795359
2530658,2017,Porsche,718 Boxster,PA,70994,3959,A,yes,794856
2992819,2017,Porsche,718 Boxster,CA,72995,4756,A,yes,794856
2171771,2017,Porsche,718 Boxster,PA,56991,2995,A,no,794856
2360960,2017,Porsche,718 Boxster,CA,61782,5608,B,yes,797384
2554324,2017,Porsche,718 Boxster,FL,58977,15977,B,yes,791691
2628502,2017,Porsche,718 Boxster,CA,58900,9569,B,no,791691
2203597,2017,Porsche,718 Boxster,NJ,59995,5597,B,no,794856
2187931,2017,Porsche,718 Boxster,NC,57990,3951,B,yes,790255
2014389,2017,Porsche,718 Boxster,NJ,61900,4026,A,yes,797384
2299950,2017,Porsche,718 Boxster,NJ,62000,5925,A,no,790255
2817664,2017,Porsche,718 Boxster,OH,62232,8073,A,yes,791691
2106641,2017,Porsche,718 Boxster,OH,59583,7279,B,no,790281
2345096,2017,Porsche,718 Boxster,NJ,62000,3637,A,yes,797384
2895365,2017,Porsche,718 Boxster,PA,57991,6659,B,yes,797384
2999288,2017,Porsche,Cayenne,FL,94900,6015,A,no,799097
2717313,2017,Porsche,Cayenne,NH,96497,9532,A,no,790720
2673872,2017,Porsche,Cayenne,PA,84950,20700,B,no,798127
2313346,2017,Porsche,Cayenne,NJ,93900,10701,A,yes,790720
2701200,2017,Porsche,Cayenne,NJ,94900,10270,A,yes,791695
2205407,2017,Porsche,Cayenne,GA,91801,9250,A,no,790181
2425265,2017,Porsche,Cayenne,NC,104500,7222,B,no,791695
2125218,2017,Porsche,Cayenne,CA,99252,17117,A,no,798127
2851263,2017,Porsche,Cayenne,SC,114900,1634,A,yes,790720
2181768,2017,Porsche,Cayenne,LA,78499,2901,A,yes,798127
2327782,2017,Porsche,Cayenne,GA,79824,1847,B,yes,799097
2317968,2017,Porsche,Cayenne,FL,76888,9001,A,yes,799097
2767071,2017,Porsche,Cayenne,TN,76972,14807,A,no,799097
2713338,2017,Porsche,Cayenne,NV,84220,4453,A,no,799097
2286898,2017,Porsche,Cayenne,MA,72988,31123,B,no,790720
2765153,2017,Porsche,Cayenne,CA,81991,6723,A,yes,791695
2299199,2017,Porsche,Cayenne,CA,77981,5638,A,yes,799099
2341084,2017,Porsche,Cayenne,MA,76998,5799,B,yes,791695
2412385,2017,Porsche,Cayenne,NV,86670,4849,B,yes,799099
2980253,2017,Porsche,Cayenne,NC,79984,5231,A,no,799099
2575204,2017,Porsche,Cayenne,FL,81596,19162,A,yes,799099
2913975,2017,Porsche,Cayenne,IL,70000,6276,B,yes,790181
2519178,2017,Porsche,Cayenne,SC,79999,4100,A,no,791695
2262260,2017,Porsche,Cayenne,NV,86670,4757,A,no,799099
2823152,2017,Porsche,Cayenne,CA,81995,4756,A,no,799097
2144458,2017,Porsche,Cayenne,NY,69995,4872,A,no,790720
2305693,2017,Porsche,Cayenne,CA,71991,11392,A,yes,790181
2480665,2017,Porsche,Cayenne,NY,69995,5914,A,no,791695
2275913,2017,Porsche,Cayenne,CA,69999,19647,B,no,799097
2774296,2017,Porsche,Cayenne,TN,70571,23860,A,yes,799099
2101161,2017,Porsche,Cayenne,IL,72880,5823,A,yes,798127
2468531,2017,Porsche,Cayenne,CA,69898,10332,B,no,798127
2521177,2017,Porsche,Cayenne,TN,77900,9252,A,yes,799097
2735495,2017,Porsche,Cayenne,IL,72000,6893,A,yes,791695
2287878,2017,Porsche,Cayenne,MO,71947,6463,A,yes,790181
2909534,2017,Porsche,Cayenne,NV,73891,9927,A,yes,791695
2186332,2017,Porsche,Cayenne,NY,69995,6878,B,no,790181
2340979,2017,Porsche,Cayenne,CA,60888,15581,B,yes,799097
2879959,2017,Porsche,Cayenne,TN,64000,6894,A,no,798127
2033246,2017,Porsche,Cayenne,SC,60999,4608,B,yes,798127
2049744,2017,Porsche,Cayenne,OH,66991,4919,A,yes,790720
2664497,2017,Porsche,Cayenne,NE,59872,14010,B,yes,790181
2703349,2017,Porsche,Cayenne,TN,55972,11962,A,no,799097
2396565,2017,Porsche,Cayenne,CA,62900,5851,A,yes,790720
2646035,2017,Porsche,Cayenne,NY,61900,9711,A,yes,790181
2290159,2017,Porsche,Cayenne,NY,61995,5225,B,yes,791695
2377072,2017,Porsche,Cayenne,OK,61500,6337,B,no,790720
2210073,2017,Porsche,Cayenne,NY,60995,15543,B,yes,790181
2822698,2017,Porsche,Cayenne,CA,63900,5620,A,no,799099
2106480,2017,Porsche,Cayenne,NH,62997,6337,A,yes,790720
2223344,2017,Porsche,Cayenne,FL,58990,6586,B,yes,790720
2166055,2017,Porsche,Cayenne,WI,63985,6707,A,no,790181
2531062,2017,Porsche,Cayenne,NH,59797,6212,B,yes,798127
2739499,2017,Porsche,Cayenne,CA,61998,6984,B,no,799097
2196557,2017,Porsche,Cayenne,IL,63500,5086,A,yes,790720
2014740,2017,Porsche,Cayenne,CA,61998,4990,A,no,790720
2838077,2017,Porsche,Cayenne,SC,61981,4521,B,no,791695
2817949,2017,Porsche,Cayenne,WA,61995,7559,B,yes,790181
2815019,2017,Porsche,Cayenne,NY,62995,5488,B,no,799099
2583887,2017,Porsche,Cayenne,CA,62998,4507,A,yes,798127
2268298,2017,Porsche,Cayenne,CA,64045,6673,A,no,798127
2007291,2017,Porsche,Cayenne,CA,57988,18399,B,no,799099
2394286,2017,Porsche,Cayenne,FL,58042,6729,A,yes,799099
2361822,2017,Porsche,Cayenne,CT,65775,4669,A,no,799099
2559415,2017,Porsche,Cayenne,UT,62900,6220,A,no,799099
2480687,2017,Porsche,Cayenne,FL,59990,15390,A,yes,791695
2962799,2017,Porsche,Cayenne,SC,66999,4035,B,no,791695
2227866,2017,Porsche,Cayenne,IL,59000,7587,B,yes,798127
2941380,2017,Porsche,Cayenne,MA,59998,23832,B,no,798127
2980084,2017,Porsche,Cayenne,NJ,59900,17303,B,yes,798127
2483696,2017,Porsche,Cayenne,CT,63900,10483,A,no,790720
2396363,2017,Porsche,Cayenne,PA,60995,11869,A,no,790720
2790259,2017,Porsche,Cayenne,MA,61800,14323,A,yes,799097
2781811,2017,Porsche,Cayenne,FL,62990,7325,B,no,791695
2015183,2017,Porsche,Cayenne,IL,61000,7437,A,no,790181
2962515,2017,Porsche,Cayenne,NY,61900,9388,B,yes,791695
2746037,2017,Porsche,Cayenne,NY,62995,8000,B,yes,791695
2831975,2017,Porsche,Cayenne,CA,59991,8655,B,yes,798127
2976573,2017,Porsche,Cayenne,MA,62627,7537,B,yes,799097
2364704,2017,Porsche,Cayenne,FL,65990,4299,A,no,791695
2344536,2017,Porsche,Cayenne,IL,69000,9056,A,no,799097
2164371,2017,Porsche,Cayenne,FL,61990,13931,A,yes,799097
2626601,2017,Porsche,Cayenne,SC,61999,7309,A,yes,790720
2313406,2017,Porsche,Cayenne,MO,64950,5573,A,yes,791695
2685003,2017,Porsche,Cayenne,IL,61000,5281,B,no,799099
2536107,2017,Porsche,Cayenne,WI,63655,3907,A,yes,799097
2030524,2017,Porsche,Cayenne,IL,63000,6536,A,yes,791695
2848459,2017,Porsche,718 Cayman,NJ,54900,8003,A,yes,790167
2529263,2017,Porsche,718 Cayman,NY,59900,5410,A,yes,795382
2842448,2017,Porsche,718 Cayman,NY,59995,5185,A,no,795382
2742780,2017,Porsche,718 Cayman,FL,53990,20238,A,yes,797202
2923604,2017,Porsche,718 Cayman,NC,64900,2357,B,yes,794138
2714978,2017,Porsche,718 Cayman,FL,61900,4012,B,yes,794131
2647582,2017,Porsche,718 Cayman,SC,61899,3800,A,yes,794131
2777775,2017,Porsche,718 Cayman,NJ,63000,4288,A,yes,797202
2848144,2017,Porsche,718 Cayman,NC,59989,15755,B,yes,795382
2052882,2017,Porsche,718 Cayman,MO,59985,7020,B,no,794210
2874784,2017,Porsche,718 Cayman,IL,61000,4059,A,yes,790167
2783791,2017,Porsche,718 Cayman,CO,58000,3440,B,yes,790167
2159480,2017,Porsche,718 Cayman,NC,71975,15392,A,no,790167
2001098,2017,Porsche,718 Cayman,NC,71416,4075,B,yes,794138
2385637,2017,Porsche,718 Cayman,CA,72500,6665,B,yes,794210
2568552,2017,Porsche,718 Cayman,FL,75399,7730,A,yes,790167
2426396,2017,Porsche,718 Cayman,CA,72881,1047,B,no,794131
2022451,2017,Porsche,718 Cayman,OH,77982,5183,A,yes,797202
2457584,2017,Porsche,718 Cayman,NJ,66900,6000,A,yes,797202
2961555,2017,Porsche,718 Cayman,PA,73991,1733,A,yes,794210
2721270,2017,Porsche,718 Cayman,SC,69881,14413,B,yes,794210
2147959,2017,Porsche,718 Cayman,NJ,74900,6530,B,yes,795382
2294336,2017,Porsche,718 Cayman,PA,72993,1104,A,yes,794131
2686704,2017,Porsche,718 Cayman,OH,72893,1885,B,no,794138
2940542,2017,Porsche,718 Cayman,FL,68868,4081,B,yes,795382
2998668,2017,Porsche,718 Cayman,PA,73994,1603,B,yes,794138
2241524,2017,Porsche,Cayenne,CA,69984,11723,A,yes,798127
2239953,2017,Porsche,Cayenne,OH,72995,6588,A,no,790181
2640956,2017,Porsche,Cayenne,PA,69995,8102,B,no,790720
2978420,2017,Porsche,Cayenne,MO,79950,4652,B,yes,798127
2013818,2017,Porsche,Cayenne,MN,73977,3063,B,yes,790181
2716418,2017,Porsche,Cayenne,MN,69977,10446,B,yes,790720
2733986,2017,Porsche,Cayenne,CA,72898,8628,B,yes,799097
2599956,2017,Porsche,Cayenne,CALIFORNIA,77265,7571,A,no,799097
2934836,2017,Porsche,Cayenne,CA,72981,5311,B,no,790720
2218327,2017,Porsche,Cayenne,MA,74998,5477,B,no,791695
2495466,2017,Porsche,Cayenne,CA,79840,6062,B,no,798127
2782045,2017,Porsche,Cayenne,TN,79900,5010,A,yes,790720
2200433,2017,Porsche,Cayenne,MA,73998,7868,A,yes,799097
2077724,2017,Porsche,Cayenne,NJ,60995,7584,A,yes,798127
2190279,2017,Porsche,Cayenne,CALIFORNIA,60476,9989,B,yes,791695
2458925,2017,Porsche,Cayenne,NC,59989,6334,A,yes,790720
2227360,2017,Porsche,Cayenne,IL,61000,5964,A,no,791695
2578549,2017,Porsche,Cayenne,MI,62998,5570,A,no,790181
2261547,2017,Porsche,Cayenne,NY,58995,5784,B,yes,790720
2528485,2017,Porsche,Cayenne,CA,57888,8082,B,yes,798127
2623590,2017,Porsche,Cayenne,CA,62688,9638,B,yes,791695
2382456,2017,Porsche,Cayenne,NJ,57900,10753,B,no,799097
2926991,2017,Porsche,Cayenne,CA,59988,5029,A,no,798127
2945451,2017,Porsche,Cayenne,NY,62995,8381,A,no,799097
2482854,2017,Porsche,Cayenne,NY,62995,6936,A,no,790720
2427963,2017,Porsche,Cayenne,NJ,60995,10098,A,no,790181
2811723,2017,Porsche,Cayenne,CALIFORNIA,59393,8072,A,yes,798127
2982078,2017,Porsche,Cayenne,CA,62688,7413,B,no,799099
2840008,2017,Porsche,Cayenne,CT,62535,4623,A,yes,799099
2903252,2017,Porsche,Cayenne,VA,58962,12417,B,yes,791695
2514718,2017,Porsche,Cayenne,SC,62499,4476,B,yes,790720
2428502,2017,Porsche,Cayenne,CA,63495,13031,A,yes,798127
2691197,2017,Porsche,Cayenne,NY,60995,7457,A,no,790720
2024646,2017,Porsche,Cayenne,CT,63649,7181,B,yes,799097
2472411,2017,Porsche,Cayenne,GA,61876,3478,A,yes,790720
2059036,2017,Porsche,Cayenne,NY,61900,6793,A,no,791695
2560620,2017,Porsche,Cayenne,GA,59999,11377,B,yes,799097
2505981,2017,Porsche,Cayenne,MA,61800,13164,A,no,790720
2877867,2017,Porsche,Cayenne,MO,62955,13255,B,yes,798127
2497492,2017,Porsche,Cayenne,CA,62888,5546,B,yes,799099
2811735,2017,Porsche,Cayenne,CA,59981,8673,A,no,799099
2175139,2017,Porsche,Cayenne,VA,61995,4500,A,no,798127
2373740,2017,Porsche,Cayenne,CA,63895,6404,A,yes,791695
2527546,2017,Porsche,Cayenne,TN,64000,7251,A,no,799099
2218878,2017,Porsche,Cayenne,NJ,59900,6000,A,no,798127
2053496,2017,Porsche,Cayenne,NJ,57900,6000,A,no,791695
2130084,2017,Porsche,Cayenne,FL,58990,9824,B,yes,798127
2791052,2017,Porsche,Cayenne,CA,58296,5890,A,no,790720
2864381,2017,Porsche,Cayenne,NC,62989,3601,A,yes,791695
2283256,2017,Porsche,Cayenne,WA,59995,17310,B,no,799099
2564143,2017,Porsche,Cayenne,CA,62688,9579,B,yes,791695
2500647,2017,Porsche,Cayenne,CALIFORNIA,56973,7952,A,no,791695
2129377,2017,Porsche,911,PA,117690,4844,B,no,799033
2446595,2017,Porsche,911,PA,116990,4954,A,no,790516
2191718,2017,Porsche,911,PA,123780,1040,A,yes,791024
2188728,2017,Porsche,911,CA,116995,1142,B,yes,798042
2606161,2017,Porsche,911,PA,107490,23184,B,yes,798042
2429066,2017,Porsche,Panamera,FL,85850,10884,A,no,791011
2891127,2017,Porsche,Panamera,CALIFORNIA,86034,9761,A,no,793430
2365602,2017,Porsche,Panamera,CA,84211,10646,B,yes,791011
2171053,2017,Porsche,Panamera,CA,82000,8385,A,no,791644
2792528,2017,Porsche,Panamera,FL,86977,6294,A,no,791011
2785906,2017,Porsche,Panamera,MN,85977,5188,A,no,791011
2964622,2017,Porsche,Panamera,NC,84900,4855,A,no,791644
2572189,2017,Porsche,Panamera,RI,132990,1806,A,no,795929
2257900,2017,Porsche,Panamera,MD,145000,2145,A,yes,795929
2392530,2017,Porsche,Panamera,CA,139900,2245,B,yes,795929
2763737,2017,Porsche,Panamera,NC,139900,2409,A,no,791644
2197359,2017,Porsche,Panamera,PA,137744,17119,B,yes,795929
2346590,2017,Porsche,Panamera,OH,140209,30503,B,no,791680
2190384,2017,Porsche,Panamera,CA,139983,5975,B,no,795929
2767605,2017,Porsche,Panamera,FL,130711,7032,B,no,793430
2995853,2017,Porsche,Panamera,WA,140788,5495,A,yes,791680
2130170,2017,Porsche,Panamera,MA,129998,10707,A,no,791644
2498392,2017,Porsche,Panamera,CT,139990,1428,A,no,791011
2739213,2017,Porsche,Macan,OH,80995,3484,B,yes,791485
2208010,2017,Porsche,Macan,CA,84995,2767,B,no,791485
